<?xml version="1.0" encoding="UTF-8" standalone="no"?>
<factbase artifact="/default/--Demo Projects${ProjectGroup}Group" id="repo-analysis" tag="2013-05-23">
    <structure-element id="root" provider="root" type="root">
        <properties>
            <property id="label">
                <value>Demo Projects</value>
            </property>
        </properties>
        <value-fact-element id="NOU" provider="repo-statistics" type="NOU">
            <value type="java.lang.Integer">8</value>
            <properties>
                <property id="label">
                    <value>Number of Users</value>
                </property>
            </properties>
        </value-fact-element>
        <structure-element id="elibrary" provider="root" type="entity">
            <properties>
                <property id="label">
                    <value>E-Library</value>
                </property>
            </properties>
            <value-fact-element id="elibrary/NOU" provider="repo-statistics" type="NOU">
                <value type="java.lang.Integer">8</value>
                <properties>
                    <property id="label">
                        <value>Number of Users</value>
                    </property>
                </properties>
            </value-fact-element>
            <value-fact-element id="elibrary/NOF" provider="repo-statistics" type="NOF">
                <value type="java.lang.Integer">163</value>
                <properties>
                    <property id="label">
                        <value>Number of Files</value>
                    </property>
                </properties>
            </value-fact-element>
            <value-fact-element id="elibrary/NOD" provider="repo-statistics" type="NOD">
                <value type="java.lang.Integer">1</value>
                <properties>
                    <property id="label">
                        <value>Number of Developers</value>
                    </property>
                </properties>
            </value-fact-element>
            <value-fact-element id="elibrary/NODD" provider="repo-statistics" type="NODD">
                <value type="java.lang.Integer">1</value>
                <properties>
                    <property id="label">
                        <value>Number of Developers for Last Day</value>
                    </property>
                </properties>
            </value-fact-element>
            <value-fact-element id="elibrary/NODW" provider="repo-statistics" type="NODW">
                <value type="java.lang.Integer">1</value>
                <properties>
                    <property id="label">
                        <value>Number of Developers for Last Week</value>
                    </property>
                </properties>
            </value-fact-element>
            <value-fact-element id="elibrary/NODM" provider="repo-statistics" type="NODM">
                <value type="java.lang.Integer">1</value>
                <properties>
                    <property id="label">
                        <value>Number of Developers for Last Month</value>
                    </property>
                </properties>
            </value-fact-element>
            <value-fact-element id="elibrary/NOC" provider="repo-statistics" type="NOC">
                <value type="java.lang.Integer">1</value>
                <properties>
                    <property id="label">
                        <value>Number of Changes</value>
                    </property>
                </properties>
            </value-fact-element>
            <value-fact-element id="elibrary/NOCD" provider="repo-statistics" type="NOCD">
                <value type="java.lang.Integer">1</value>
                <properties>
                    <property id="label">
                        <value>Number of Changes for Last Day</value>
                    </property>
                </properties>
            </value-fact-element>
            <value-fact-element id="elibrary/NOCW" provider="repo-statistics" type="NOCW">
                <value type="java.lang.Integer">1</value>
                <properties>
                    <property id="label">
                        <value>Number of Changes for Last Week</value>
                    </property>
                </properties>
            </value-fact-element>
            <value-fact-element id="elibrary/NOCM" provider="repo-statistics" type="NOCM">
                <value type="java.lang.Integer">1</value>
                <properties>
                    <property id="label">
                        <value>Number of Changes for Last Month</value>
                    </property>
                </properties>
            </value-fact-element>
            <value-fact-element id="elibrary/NOC_BY_DEVELOPERS" provider="repo-statistics" type="NOC_BY_DEVELOPERS">
                <value/>
                <properties>
                    <property id="label">
                        <value>Number of Commits by Developers</value>
                    </property>
                </properties>
            </value-fact-element>
            <value-fact-element id="elibrary/MAD" provider="repo-statistics" type="MAD">
                <value type="java.lang.Integer">1</value>
                <properties>
                    <property id="label">
                        <value>Most Active Developer</value>
                    </property>
                </properties>
            </value-fact-element>
            <value-fact-element id="elibrary/LAT" provider="repo-statistics" type="LAT">
                <value type="java.util.Date">Thu May 23 15:21:33 CEST 2013</value>
                <properties>
                    <property id="label">
                        <value>Last Activity Time</value>
                    </property>
                </properties>
            </value-fact-element>
        </structure-element>
        <value-fact-element id="NOF" provider="repo-statistics" type="NOF">
            <value type="java.lang.Long">645</value>
            <properties>
                <property id="label">
                    <value>Number of Files</value>
                </property>
            </properties>
        </value-fact-element>
        <structure-element id="drivepilot" provider="root" type="entity">
            <properties>
                <property id="label">
                    <value>Drive Pilot</value>
                </property>
            </properties>
            <value-fact-element id="drivepilot/NOU" provider="repo-statistics" type="NOU">
                <value type="java.lang.Integer">8</value>
                <properties>
                    <property id="label">
                        <value>Number of Users</value>
                    </property>
                </properties>
            </value-fact-element>
            <value-fact-element id="drivepilot/NOF" provider="repo-statistics" type="NOF">
                <value type="java.lang.Integer">482</value>
                <properties>
                    <property id="label">
                        <value>Number of Files</value>
                    </property>
                </properties>
            </value-fact-element>
            <value-fact-element id="drivepilot/NOD" provider="repo-statistics" type="NOD">
                <value type="java.lang.Integer">1</value>
                <properties>
                    <property id="label">
                        <value>Number of Developers</value>
                    </property>
                </properties>
            </value-fact-element>
            <value-fact-element id="drivepilot/NODD" provider="repo-statistics" type="NODD">
                <value type="java.lang.Integer">1</value>
                <properties>
                    <property id="label">
                        <value>Number of Developers for Last Day</value>
                    </property>
                </properties>
            </value-fact-element>
            <value-fact-element id="drivepilot/NODW" provider="repo-statistics" type="NODW">
                <value type="java.lang.Integer">1</value>
                <properties>
                    <property id="label">
                        <value>Number of Developers for Last Week</value>
                    </property>
                </properties>
            </value-fact-element>
            <value-fact-element id="drivepilot/NODM" provider="repo-statistics" type="NODM">
                <value type="java.lang.Integer">1</value>
                <properties>
                    <property id="label">
                        <value>Number of Developers for Last Month</value>
                    </property>
                </properties>
            </value-fact-element>
            <value-fact-element id="drivepilot/NOC" provider="repo-statistics" type="NOC">
                <value type="java.lang.Integer">1</value>
                <properties>
                    <property id="label">
                        <value>Number of Changes</value>
                    </property>
                </properties>
            </value-fact-element>
            <value-fact-element id="drivepilot/NOCD" provider="repo-statistics" type="NOCD">
                <value type="java.lang.Integer">1</value>
                <properties>
                    <property id="label">
                        <value>Number of Changes for Last Day</value>
                    </property>
                </properties>
            </value-fact-element>
            <value-fact-element id="drivepilot/NOCW" provider="repo-statistics" type="NOCW">
                <value type="java.lang.Integer">1</value>
                <properties>
                    <property id="label">
                        <value>Number of Changes for Last Week</value>
                    </property>
                </properties>
            </value-fact-element>
            <value-fact-element id="drivepilot/NOCM" provider="repo-statistics" type="NOCM">
                <value type="java.lang.Integer">1</value>
                <properties>
                    <property id="label">
                        <value>Number of Changes for Last Month</value>
                    </property>
                </properties>
            </value-fact-element>
            <value-fact-element id="drivepilot/NOC_BY_DEVELOPERS" provider="repo-statistics" type="NOC_BY_DEVELOPERS">
                <value/>
                <properties>
                    <property id="label">
                        <value>Number of Commits by Developers</value>
                    </property>
                </properties>
            </value-fact-element>
            <value-fact-element id="drivepilot/MAD" provider="repo-statistics" type="MAD">
                <value type="java.lang.Integer">1</value>
                <properties>
                    <property id="label">
                        <value>Most Active Developer</value>
                    </property>
                </properties>
            </value-fact-element>
            <value-fact-element id="drivepilot/LAT" provider="repo-statistics" type="LAT">
                <value type="java.util.Date">Thu May 23 15:21:33 CEST 2013</value>
                <properties>
                    <property id="label">
                        <value>Last Activity Time</value>
                    </property>
                </properties>
            </value-fact-element>
        </structure-element>
    </structure-element>
</factbase>
