<?xml version="1.0" encoding="UTF-8" standalone="no"?>
<work-item>
    <field id="assignee">pGUI</field>
    <field id="author">mTest</field>
    <field id="categories">
        <list>
            <item>Interface</item>
        </list>
    </field>
    <field id="created">2016-02-16 13:13:11.354 +0100</field>
    <field id="description" text-type="text/html">&lt;b&gt;Test Run:&lt;/b&gt; &lt;span id="link" class="polarion-rte-link" data-type="testRun" data-item-id="Initial System Verification Test" data-option-id="long"&gt;&lt;/span&gt;&lt;br/&gt;&lt;b&gt;Test Case:&lt;/b&gt; &lt;span id="link" class="polarion-rte-link" data-type="workItem" data-item-id="DP-224" data-option-id="long"&gt;&lt;/span&gt;&lt;br/&gt;&lt;table class="polarion-no-style-cleanup" style="border-collapse: collapse;"&gt;&lt;tr style="text-align: left; white-space: nowrap; color: #757575; border-bottom: 1px solid #d2d7da; background-color: #ffffff;"&gt;&lt;th style="text-align: left; padding: 10px; vertical-align: top; background-color: #ffffff;"&gt;&lt;/th&gt;&lt;th style="text-align: left; padding: 10px; vertical-align: top; background-color: #ffffff;"&gt;#&lt;/th&gt;&lt;th style="text-align: left; padding: 10px; vertical-align: top; background-color: #ffffff;"&gt;&lt;span class="polarion-no-style-cleanup" title="Step"&gt;Step&lt;/span&gt;&lt;/th&gt;&lt;th style="text-align: left; padding: 10px; vertical-align: top; background-color: #ffffff;"&gt;&lt;span class="polarion-no-style-cleanup" title="Step Description"&gt;Step Description&lt;/span&gt;&lt;/th&gt;&lt;th style="text-align: left; padding: 10px; vertical-align: top; background-color: #ffffff;"&gt;&lt;span class="polarion-no-style-cleanup" title="Expected Result"&gt;Expected Result&lt;/span&gt;&lt;/th&gt;&lt;th style="text-align: left; padding: 10px; vertical-align: top; background-color: #ffffff;"&gt;Actual Result&lt;/th&gt;&lt;/tr&gt;&lt;tr style="border-bottom: 1px solid #f0f0f0;"&gt;&lt;td style="text-align: left; padding: 10px; vertical-align: top; background-color: #ffffff;"&gt;&lt;span class="polarion-no-style-cleanup" title="Passed"&gt;&lt;span style="white-space:nowrap;"&gt;&lt;img src="/polarion/icons/default/enums/testrun_status_passed.png" style="vertical-align:text-bottom;border:0px;margin-right:2px;" class="polarion-no-style-cleanup"/&gt;&lt;/span&gt;&lt;/span&gt;&lt;/td&gt;&lt;td style="text-align: left; padding: 10px; vertical-align: top; background-color: #ffffff;font-weight: bold;"&gt;1&lt;/td&gt;&lt;td style="text-align: left; padding: 10px; vertical-align: top; background-color: #ffffff;font-weight: bold;"&gt;Install the DrivePilot&lt;/td&gt;&lt;td style="text-align: left; padding: 10px; vertical-align: top; background-color: #ffffff;"&gt;&lt;/td&gt;&lt;td style="text-align: left; padding: 10px; vertical-align: top; background-color: #ffffff;"&gt;&lt;/td&gt;&lt;td style="text-align: left; padding: 10px; vertical-align: top; background-color: #ffffff;"&gt;&lt;/td&gt;&lt;/tr&gt;&lt;tr style="border-bottom: 1px solid #f0f0f0;"&gt;&lt;td style="text-align: left; padding: 10px; vertical-align: top; background-color: #ffffff;"&gt;&lt;span class="polarion-no-style-cleanup" title="Passed"&gt;&lt;span style="white-space:nowrap;"&gt;&lt;img src="/polarion/icons/default/enums/testrun_status_passed.png" style="vertical-align:text-bottom;border:0px;margin-right:2px;" class="polarion-no-style-cleanup"/&gt;&lt;/span&gt;&lt;/span&gt;&lt;/td&gt;&lt;td style="text-align: left; padding: 10px; vertical-align: top; background-color: #ffffff;font-weight: bold;"&gt;2&lt;/td&gt;&lt;td style="text-align: left; padding: 10px; vertical-align: top; background-color: #ffffff;font-weight: bold;"&gt;Start DrivePilot System&lt;/td&gt;&lt;td style="text-align: left; padding: 10px; vertical-align: top; background-color: #ffffff;"&gt;Push the start button&lt;/td&gt;&lt;td style="text-align: left; padding: 10px; vertical-align: top; background-color: #ffffff;"&gt;Welcome screen is displayed&lt;/td&gt;&lt;td style="text-align: left; padding: 10px; vertical-align: top; background-color: #ffffff;"&gt;&lt;/td&gt;&lt;/tr&gt;&lt;tr style="border-bottom: 1px solid #f0f0f0;"&gt;&lt;td style="text-align: left; padding: 10px; vertical-align: top; background-color: #ffffff;"&gt;&lt;span class="polarion-no-style-cleanup" title="Failed"&gt;&lt;span style="white-space:nowrap;"&gt;&lt;img src="/polarion/icons/default/enums/testrun_status_failed.png" style="vertical-align:text-bottom;border:0px;margin-right:2px;" class="polarion-no-style-cleanup"/&gt;&lt;/span&gt;&lt;/span&gt;&lt;/td&gt;&lt;td style="text-align: left; padding: 10px; vertical-align: top; background-color: #ffffff;font-weight: bold;"&gt;3&lt;/td&gt;&lt;td style="text-align: left; padding: 10px; vertical-align: top; background-color: #ffffff;font-weight: bold;"&gt;Start AutoPilot&lt;/td&gt;&lt;td style="text-align: left; padding: 10px; vertical-align: top; background-color: #ffffff;"&gt;Click on &amp;quot;AutoPilot&amp;quot;&lt;/td&gt;&lt;td style="text-align: left; padding: 10px; vertical-align: top; background-color: #ffffff;"&gt;The system says the tutorial was not walked through.&lt;/td&gt;&lt;td style="text-align: left; padding: 10px; vertical-align: top; background-color: #ffffff;"&gt;AutoPilot is started without any warning&lt;/td&gt;&lt;/tr&gt;&lt;tr style="border-bottom: 1px solid #f0f0f0;"&gt;&lt;td style="text-align: left; padding: 10px; vertical-align: top; background-color: #ffffff;"&gt;&lt;span class="polarion-no-style-cleanup" title="Blocked"&gt;&lt;span style="white-space:nowrap;"&gt;&lt;img src="/polarion/icons/default/enums/testrun_status_blocked.png" style="vertical-align:text-bottom;border:0px;margin-right:2px;" class="polarion-no-style-cleanup"/&gt;&lt;/span&gt;&lt;/span&gt;&lt;/td&gt;&lt;td style="text-align: left; padding: 10px; vertical-align: top; background-color: #ffffff;font-weight: bold;"&gt;4&lt;/td&gt;&lt;td style="text-align: left; padding: 10px; vertical-align: top; background-color: #ffffff;font-weight: bold;"&gt;Run Tutorial&lt;/td&gt;&lt;td style="text-align: left; padding: 10px; vertical-align: top; background-color: #ffffff;"&gt;Click on &amp;quot;Run Tutorial&amp;quot;&lt;/td&gt;&lt;td style="text-align: left; padding: 10px; vertical-align: top; background-color: #ffffff;"&gt;Tutorial is opened on the screen.&lt;/td&gt;&lt;td style="text-align: left; padding: 10px; vertical-align: top; background-color: #ffffff;"&gt;&lt;/td&gt;&lt;/tr&gt;&lt;tr style="border-bottom: 1px solid #f0f0f0;"&gt;&lt;td style="text-align: left; padding: 10px; vertical-align: top; background-color: #ffffff;"&gt;&lt;span class="polarion-no-style-cleanup" title="Blocked"&gt;&lt;span style="white-space:nowrap;"&gt;&lt;img src="/polarion/icons/default/enums/testrun_status_blocked.png" style="vertical-align:text-bottom;border:0px;margin-right:2px;" class="polarion-no-style-cleanup"/&gt;&lt;/span&gt;&lt;/span&gt;&lt;/td&gt;&lt;td style="text-align: left; padding: 10px; vertical-align: top; background-color: #ffffff;font-weight: bold;"&gt;5&lt;/td&gt;&lt;td style="text-align: left; padding: 10px; vertical-align: top; background-color: #ffffff;font-weight: bold;"&gt;Stop Drive Pilot&lt;/td&gt;&lt;td style="text-align: left; padding: 10px; vertical-align: top; background-color: #ffffff;"&gt;Push the &amp;quot;Start&amp;quot; button for 2 seconds&lt;/td&gt;&lt;td style="text-align: left; padding: 10px; vertical-align: top; background-color: #ffffff;"&gt;&lt;/td&gt;&lt;td style="text-align: left; padding: 10px; vertical-align: top; background-color: #ffffff;"&gt;&lt;/td&gt;&lt;/tr&gt;&lt;tr style="border-bottom: 1px solid #f0f0f0;"&gt;&lt;td style="text-align: left; padding: 10px; vertical-align: top; background-color: #ffffff;"&gt;&lt;span class="polarion-no-style-cleanup" title="Blocked"&gt;&lt;span style="white-space:nowrap;"&gt;&lt;img src="/polarion/icons/default/enums/testrun_status_blocked.png" style="vertical-align:text-bottom;border:0px;margin-right:2px;" class="polarion-no-style-cleanup"/&gt;&lt;/span&gt;&lt;/span&gt;&lt;/td&gt;&lt;td style="text-align: left; padding: 10px; vertical-align: top; background-color: #ffffff;font-weight: bold;"&gt;6&lt;/td&gt;&lt;td style="text-align: left; padding: 10px; vertical-align: top; background-color: #ffffff;font-weight: bold;"&gt;Repeat initial procedure&lt;/td&gt;&lt;td style="text-align: left; padding: 10px; vertical-align: top; background-color: #ffffff;"&gt;Repeat Steps #1 - #3&lt;/td&gt;&lt;td style="text-align: left; padding: 10px; vertical-align: top; background-color: #ffffff;"&gt;The system says the tutorial was not walked through.&lt;/td&gt;&lt;td style="text-align: left; padding: 10px; vertical-align: top; background-color: #ffffff;"&gt;&lt;/td&gt;&lt;/tr&gt;&lt;tr style="border-bottom: 1px solid #f0f0f0;"&gt;&lt;td style="text-align: left; padding: 10px; vertical-align: top; background-color: #ffffff;"&gt;&lt;span class="polarion-no-style-cleanup" title="Blocked"&gt;&lt;span style="white-space:nowrap;"&gt;&lt;img src="/polarion/icons/default/enums/testrun_status_blocked.png" style="vertical-align:text-bottom;border:0px;margin-right:2px;" class="polarion-no-style-cleanup"/&gt;&lt;/span&gt;&lt;/span&gt;&lt;/td&gt;&lt;td style="text-align: left; padding: 10px; vertical-align: top; background-color: #ffffff;font-weight: bold;"&gt;7&lt;/td&gt;&lt;td style="text-align: left; padding: 10px; vertical-align: top; background-color: #ffffff;font-weight: bold;"&gt;Finish tutorial&lt;/td&gt;&lt;td style="text-align: left; padding: 10px; vertical-align: top; background-color: #ffffff;"&gt;Go through all the pages and click &amp;quot;Done&amp;quot;&lt;/td&gt;&lt;td style="text-align: left; padding: 10px; vertical-align: top; background-color: #ffffff;"&gt;&lt;/td&gt;&lt;td style="text-align: left; padding: 10px; vertical-align: top; background-color: #ffffff;"&gt;&lt;/td&gt;&lt;/tr&gt;&lt;tr style="border-bottom: 1px solid #f0f0f0;"&gt;&lt;td style="text-align: left; padding: 10px; vertical-align: top; background-color: #ffffff;"&gt;&lt;span class="polarion-no-style-cleanup" title="Blocked"&gt;&lt;span style="white-space:nowrap;"&gt;&lt;img src="/polarion/icons/default/enums/testrun_status_blocked.png" style="vertical-align:text-bottom;border:0px;margin-right:2px;" class="polarion-no-style-cleanup"/&gt;&lt;/span&gt;&lt;/span&gt;&lt;/td&gt;&lt;td style="text-align: left; padding: 10px; vertical-align: top; background-color: #ffffff;font-weight: bold;"&gt;8&lt;/td&gt;&lt;td style="text-align: left; padding: 10px; vertical-align: top; background-color: #ffffff;font-weight: bold;"&gt;Start AutoPilot Again&lt;/td&gt;&lt;td style="text-align: left; padding: 10px; vertical-align: top; background-color: #ffffff;"&gt;Click on &amp;quot;AutoPilot&amp;quot;&lt;/td&gt;&lt;td style="text-align: left; padding: 10px; vertical-align: top; background-color: #ffffff;"&gt;The system says the test drive was not performed.&lt;/td&gt;&lt;td style="text-align: left; padding: 10px; vertical-align: top; background-color: #ffffff;"&gt;&lt;/td&gt;&lt;/tr&gt;&lt;/table&gt;&lt;table style="margin-bottom: 15px; ;border-collapse: collapse; width:100%; ;margin-top: 13px;" class="polarion-no-style-cleanup"&gt;&lt;tr&gt;&lt;th style="width: 80%; text-align: left; background-color: #ffffff;"&gt;Test Case Verdict:&lt;/th&gt;&lt;/tr&gt;&lt;tr&gt;&lt;td style="vertical-align: top;"&gt;&lt;span style="font-weight: bold;"&gt;&lt;span style="color: #C30000;"&gt;&lt;span class="polarion-no-style-cleanup" title="Failed"&gt;&lt;span style="white-space:nowrap;"&gt;&lt;img src="/polarion/icons/default/enums/testrun_status_failed.png" style="vertical-align:text-bottom;border:0px;margin-right:2px;" class="polarion-no-style-cleanup"/&gt;&lt;/span&gt;Failed&lt;/span&gt;&lt;/span&gt;&lt;/span&gt;&lt;/td&gt;&lt;/tr&gt;&lt;/table&gt;</field>
    <field id="initialEstimate">1d</field>
    <field id="linkedWorkItems">
        <list>
            <struct>
                <item id="role">triggered_by</item>
                <item id="workItem">DP-224</item>
            </struct>
        </list>
    </field>
    <field id="occurredInVersion" type="string">1.0 beta3</field>
    <field id="previousStatus">open</field>
    <field id="priority">50.0</field>
    <field id="resolution">done</field>
    <field id="resolvedOn">2016-02-18 20:39:47.624 +0100</field>
    <field id="severity">critical</field>
    <field id="status">verified-done</field>
    <field id="targetVersion" type="enum:@plan[template.id:release]">Version_1_0</field>
    <field id="timeSpent">9h</field>
    <field id="title">Failed: A tutorial  is required before the first run..</field>
    <field id="type">issue</field>
</work-item>
