<?xml version="1.0" encoding="UTF-8" standalone="no"?>
<plan>
    <field id="allowedTypes">
        <list>
            <item>workPackage</item>
        </list>
    </field>
    <field id="author">rProject</field>
    <field id="calculationType">timeBased</field>
    <field id="color">#16a085</field>
    <field id="created">2015-09-28 17:08:00.000 +0200</field>
    <field id="description" text-type="text/plain">The release plan specifies which Work Items are going to be implemented for each system release and dates for those releases. These selected Work Items are then translated into individual tasks to be implemented during the iteration to complete the Work Items.</field>
    <field id="homePageContent" text-type="text/html"><![CDATA[<div class="polarion-rp-column" style="width: 100%;">
  <div id="polarion_client1" class="polarion-rp-widget-part" data-widget="com.polarion.planLabel">
    <span class="polarion-rp-widget-parameters">
      <sub id="plan">
        <sub id="paths">
          <sub>@current</sub>
        </sub>
      </sub>
      <sub id="childTemplate">
        <sub id="paths">
          <sub>iteration</sub>
        </sub>
      </sub>
      <sub id="showAddButton">true</sub>
    </span>
  </div>
  <p id="polarion_client7"></p>
</div>
<div class="polarion-rp-row-separator" page_min_width="1000"></div>
<div class="polarion-rp-column" style="width: 70%;">
  <div id="polarion_client26" class="polarion-rp-widget-part" data-widget="com.polarion.scriptBlock">
    <span class="polarion-rp-widget-parameters">
      <sub id="script">
        <sub id="script" style="white-space:pre;">&lt;h2&gt;Plan Status - $plan.fields.status.render.withIcon(false)&lt;/h2&gt;</sub>
      </sub>
    </span>
  </div>
  <div id="polarion_client28" class="polarion-rp-widget-part" data-widget="com.polarion.planProgress">
    <span class="polarion-rp-widget-parameters">
      <sub id="plan">
        <sub id="paths">
          <sub>@current</sub>
        </sub>
      </sub>
      <sub id="showIdealProgress">true</sub>
      <sub id="showLabel">true</sub>
      <sub id="advanced">
        <sub id="width">80%</sub>
      </sub>
    </span>
  </div>
  <div id="polarion_client30" class="polarion-rp-widget-part" data-widget="com.polarion.burnDownChart">
    <span class="polarion-rp-widget-parameters">
      <sub id="title"></sub>
      <sub id="plan">
        <sub id="paths">
          <sub>@current</sub>
        </sub>
      </sub>
      <sub id="timeAxis">
        <sub id="scaleType">day</sub>
        <sub id="baseDate">1</sub>
      </sub>
      <sub id="advanced">
        <sub id="yAxisName"></sub><sub id="height"></sub>
        <sub id="width">80%</sub>
      </sub>
    </span>
  </div>
  <h2 id="polarion_client31">Statistics</h2>
  <div id="polarion_client33" class="polarion-rp-widget-part" data-widget="com.polarion.scriptBlock">
    <span class="polarion-rp-widget-parameters">
      <sub id="script">
        <sub style="white-space:pre;" id="script">#set($scope = &quot;$plan.reference.projectId&quot;)
#if(!$plan.fields.projectSpan.isEmpty())
    #if($plan.fields.projectSpan.size()&gt;0)
    	#set($pSpan = $plan.fields.projectSpan.iterator.next)
        #set($scope = &quot;$pSpan.reference.projectId&quot;)
    #end
#end

#set($topLevelWiType = &quot;&quot;)

#if($plan.fields.allowedTypes.isEmpty())
	#warning(&quot;Statistics cannot be displayed, because no allowed type is configured.&quot;)

#else
#if($plan.fields.allowedTypes.size()&gt;0)
	## How statuses for the first configured type in the Statistics
	#set($topLevelWiType = $plan.fields.allowedTypes.iterator.next.id)
#end

##
#set($stats = $plan.statistics()) 
#set($planQuery=$pageContext.planQuery)
##
#macro(statusIcon $type $status)&lt;img src=&quot;$trackerService.dataService.getEnumerationForKey(&quot;WorkItem&quot;, &quot;status&quot;, $trackerService.getTrackerProject(&quot;$scope&quot;).contextId).wrapOption(&quot;$status&quot;, $type).getProperty(&quot;iconURL&quot;)&quot;/&gt;#end
#macro(tableLine $label $value)&lt;tr&gt;&lt;td nowrap align=right style=&quot;width:120px&quot;&gt;$label:&lt;/td&gt;&lt;td nowrap align=left style=&quot;padding-left:5px;font-weight:bold&quot;&gt; $value &lt;/td&gt;&lt;/tr&gt;#end
#macro(count $q)
&lt;b&gt;&lt;span class=&quot;polarion-rp-inline-widget&quot; data-widget=&quot;com.polarion.countOfObjects&quot;&gt;
  &lt;span class=&quot;polarion-rp-widget-parameters&quot;&gt;
    &lt;sub id=&quot;dataSet&quot;&gt;
   	  &lt;sub id=&quot;scope&quot;&gt;$scope&lt;/sub&gt;	
      &lt;sub id=&quot;prototype&quot;&gt;WorkItem&lt;/sub&gt;
      &lt;sub id=&quot;queryType&quot;&gt;lucene&lt;/sub&gt;
      &lt;sub id=&quot;luceneQuery&quot;&gt;$q&lt;/sub&gt;
    &lt;/sub&gt;
    &lt;sub id=&quot;before&quot;&gt;&lt;/sub&gt;&lt;sub id=&quot;after&quot;&gt;&lt;/sub&gt;
  &lt;/span&gt;
&lt;/span&gt;&lt;/b&gt;
#end
##


&lt;style&gt;
.statistics a{
font-weight:bold !important;
font-size:14px;
color:black !important;
padding-left:5px;
padding-right:2px;
}
&lt;/style&gt;
&lt;table style=&quot;line-height: 2;&quot; class=&quot;statistics&quot;&gt;
&lt;tr&gt;
&lt;td width=200&gt;


&lt;div class=&quot;polarion-rp-widget-part&quot; data-widget=&quot;com.polarion.separateByPieChart&quot;&gt;
  &lt;span class=&quot;polarion-rp-widget-parameters&quot;&gt;
    &lt;sub id=&quot;title&quot;&gt;&lt;/sub&gt;
    &lt;sub id=&quot;dataSet&quot;&gt;
      &lt;sub id=&quot;scope&quot;&gt;$scope&lt;/sub&gt;	
      &lt;sub id=&quot;prototype&quot;&gt;WorkItem&lt;/sub&gt;
      &lt;sub id=&quot;subtype&quot;&gt;$topLevelWiType&lt;/sub&gt;
      &lt;sub id=&quot;queryType&quot;&gt;lucene&lt;/sub&gt;
      &lt;sub id=&quot;luceneQuery&quot;&gt;$pageContext.planQuery&lt;/sub&gt;
      &lt;sub id=&quot;children&quot;&gt;
        &lt;sub id=&quot;separateBy&quot;&gt;
          &lt;sub id=&quot;field&quot;&gt;status&lt;/sub&gt;
        &lt;/sub&gt;
      &lt;/sub&gt;
    &lt;/sub&gt;
    &lt;sub id=&quot;showDataLabels&quot;&gt;false&lt;/sub&gt;
    &lt;sub id=&quot;showZeroValues&quot;&gt;false&lt;/sub&gt;
    &lt;sub id=&quot;advanced&quot;&gt;
      &lt;sub id=&quot;height&quot;&gt;150px&lt;/sub&gt;
      &lt;sub id=&quot;width&quot;&gt;150px&lt;/sub&gt;
    &lt;/sub&gt;
  &lt;/span&gt;
&lt;/div&gt;
&lt;/td&gt;
&lt;td style=&quot;vertical-align:top&quot;&gt;
#count(&quot;$planQuery&quot;) Planned Work Items &lt;/br&gt;
#set($statuses = $transaction.enumerations.getEnumeration(&quot;status&quot;).forType(&quot;$topLevelWiType&quot;).forProject($scope).options)
#foreach($status in $statuses)
&amp;nbsp;&amp;nbsp;&amp;nbsp;&amp;nbsp;&amp;nbsp;&amp;nbsp; #statusIcon(&quot;$topLevelWiType&quot; &quot;$status.id&quot;) #count(&quot;status:$status.id AND $planQuery&quot;) $status.label &lt;br&gt;
#end
&lt;/td&gt;
&lt;td  style=&quot;vertical-align:top&quot;&gt;
&lt;table cellspacing=&quot;0&quot; cellpadding=&quot;0&quot;&gt;
#tableLine(&quot;Start Date&quot; &quot;$!plan.fields.startDate.render&quot;)
#tableLine(&quot;End Date&quot; &quot;$!plan.fields.dueDate.render&quot;)
#tableLine(&quot;Remaining Done&quot; &quot;$stats.todoAsString()&quot;)
#tableLine(&quot;Work Done&quot; &quot;$stats.doneAsString() ($stats.progressAsString())&quot;)
#tableLine(&quot;Ideal Progress&quot; &quot;$stats.idealProgressAsString()&quot;)
#tableLine(&quot;Total Work&quot; &quot;$stats.plannedAsString()&quot;)
&lt;/table&gt;
&lt;/td&gt;
&lt;/tr&gt;&lt;/table&gt;
#end</sub>
      </sub>
    </span>
  </div>
  <h2 id="polarion_client34">Child Plans</h2>
  <div id="polarion_client36" class="polarion-rp-widget-part" data-widget="com.polarion.table">
    <span class="polarion-rp-widget-parameters">
      <sub id="dataSet">
        <sub id="prototype">Plan</sub>
        <sub id="queryType">luceneVelocity</sub>
        <sub id="luceneQuery" style="white-space:pre;">parent.id:$plan.reference.id</sub>
        <sub id="children">
          <sub id="columns">
            <sub>
              <sub id="id">name</sub>
            </sub>
            <sub>
              <sub id="id">status</sub>
            </sub>
            <sub>
              <sub id="id">_progress</sub>
            </sub>
          </sub>
          <sub id="sortBy">
            <sub>
              <sub id="id">dueDate</sub>
              <sub id="descending">false</sub>
            </sub>
          </sub>
        </sub>
      </sub>
      <sub id="advanced">
        <sub id="top">50</sub>
      </sub>
    </span>
  </div>
  <h2 id="polarion_client37">Planned Items</h2>
  <div id="polarion_client39" class="polarion-rp-widget-part" data-widget="com.polarion.scriptBlock">
    <span class="polarion-rp-widget-parameters">
      <sub id="script">
        <sub style="white-space:pre;" id="script">#if(!$widgetContext.target.pdf)
&lt;style&gt;
.plan-links{
    padding-bottom:5px;
}
.plan-links &gt; a {
    padding-left:5px;
    padding-right:5px;
    font-weight:bold;
}
&lt;/style&gt;
&lt;div class=&quot;plan-links&quot;&gt;
  &lt;a target=&quot;_top&quot; href=&quot;$plan.utils.prioritizationLink&quot;&gt;
      &lt;img src=&quot;/polarion/icons/default/actions/prioritizePlan.png&quot;/&gt;
      Prioritize Planned Items&lt;/a&gt;
## See Page Script for definition of links
  &lt;a target=&quot;_top&quot; href=&quot;$pageContext.addWorkItemsLink&quot;&gt;
      &lt;img src=&quot;/polarion/icons/default/actions/create_link.gif&quot;/&gt;
      Add Work Items to the Plan&lt;/a&gt;
  &lt;a target=&quot;_top&quot; href=&quot;$pageContext.browseAllPlannedLink&quot;&gt;
      &lt;img src=&quot;/polarion/icons/default/actions/openInTable.png&quot;/&gt;
      Browse All Planned Items&lt;/a&gt;
&lt;/div&gt;
#end

## The table is scripted, as we need the scope and columns to be derived from the Plan properties
## See Page Script
&lt;div class=&quot;polarion-rp-widget-part&quot; data-widget=&quot;com.polarion.table&quot;&gt;
  &lt;span class=&quot;polarion-rp-widget-parameters&quot;&gt;
    &lt;sub id=&quot;dataSet&quot;&gt;
      &lt;sub id=&quot;scope&quot;&gt;$pageContext.scope&lt;/sub&gt;
      &lt;sub id=&quot;prototype&quot;&gt;WorkItem&lt;/sub&gt;
      &lt;sub id=&quot;queryType&quot;&gt;lucene&lt;/sub&gt;
      &lt;sub id=&quot;luceneQuery&quot;&gt;$pageContext.planQuery&lt;/sub&gt;
      &lt;sub id=&quot;children&quot;&gt;
        &lt;sub id=&quot;columns&quot;&gt;
          &lt;sub&gt;
            &lt;sub id=&quot;id&quot;&gt;id&lt;/sub&gt;
          &lt;/sub&gt;
          &lt;sub&gt;
            &lt;sub id=&quot;id&quot;&gt;title&lt;/sub&gt;
          &lt;/sub&gt;
          &lt;sub&gt;
            &lt;sub id=&quot;id&quot;&gt;status&lt;/sub&gt;
          &lt;/sub&gt;
          &lt;sub&gt;
            &lt;sub id=&quot;id&quot;&gt;$plan.fields.prioritizationField.get&lt;/sub&gt;
          &lt;/sub&gt;
#if($plan.fields.calculationType.optionId == &quot;timeBased&quot;)
          &lt;sub&gt;
            &lt;sub id=&quot;id&quot;&gt;initialEstimate&lt;/sub&gt;
          &lt;/sub&gt;
          &lt;sub&gt;
            &lt;sub id=&quot;id&quot;&gt;remainingEstimate&lt;/sub&gt;
          &lt;/sub&gt;
          &lt;sub&gt;
            &lt;sub id=&quot;id&quot;&gt;timeSpent&lt;/sub&gt;
          &lt;/sub&gt;
#else
          &lt;sub&gt;
            &lt;sub id=&quot;id&quot;&gt;$plan.fields.estimationField.get&lt;/sub&gt;
          &lt;/sub&gt;
#end
        &lt;/sub&gt;
        &lt;sub id=&quot;sortBy&quot;&gt;
          &lt;sub&gt;
            &lt;sub id=&quot;id&quot;&gt;$pageContext.prioritizationField&lt;/sub&gt;
            &lt;sub id=&quot;descending&quot;&gt;true&lt;/sub&gt;
          &lt;/sub&gt;
      &lt;/sub&gt;
    &lt;/sub&gt;
    &lt;sub id=&quot;advanced&quot;&gt;
      &lt;sub id=&quot;top&quot;&gt;50&lt;/sub&gt;
    &lt;/sub&gt;
  &lt;/span&gt;
&lt;/div&gt;</sub>
      </sub>
    </span>
  </div>
  <h2 id="polarion_client2">Issues for Release</h2>
  <p id="polarion_client6">
    Issues that should be fixed in <span style="font-weight: bold;"><span class="polarion-rp-inline-widget" data-widget="com.polarion.scriptInline">
        <span class="polarion-rp-widget-parameters">
          <sub id="script">
            <sub id="script" style="white-space:pre;"> $plan.label</sub>
          </sub>
        </span>
      </span></span>. Issues are not calculated in the Release Plan estimate. To plan the issue, just set a Target Version field.
  </p>
  <div id="polarion_client9" class="polarion-rp-widget-part" data-widget="com.polarion.table">
    <span style="display: none;" class="polarion-rp-widget-parameters">
      <sub id="dataSet">
        <sub id="prototype">WorkItem</sub>
        <sub id="subtype">issue</sub>
        <sub id="queryType">luceneVelocity</sub>
        <sub style="white-space:pre;" id="luceneQuery">targetVersion.KEY:$plan.fields.id.get</sub>
        <sub id="children">
          <sub id="columns">
            <sub>
              <sub id="id">id</sub>
            </sub>
            <sub>
              <sub id="id">title</sub>
            </sub>
            <sub>
              <sub id="id">status</sub>
            </sub>
            <sub>
              <sub id="id">priority</sub>
            </sub>
            <sub>
              <sub id="id">severity</sub>
            </sub>
          </sub>
          <sub id="sortBy">
            <sub>
              <sub id="id">priority</sub>
              <sub id="descending">true</sub>
            </sub>
            <sub>
              <sub id="id">severity</sub>
              <sub id="descending">true</sub>
            </sub>
            <sub>
              <sub id="id">created</sub>
              <sub id="descending">true</sub>
            </sub>
          </sub>
        </sub>
      </sub>
      <sub id="advanced">
        <sub id="top">50</sub>
      </sub>
    </span>
  </div>
  <p id="polarion_client15"></p>
</div>
<div class="polarion-rp-column" style="width: 30%;" data-print="0" data-pdf="0">
  <div id="polarion_client58" class="polarion-rp-widget-part" data-widget="com.polarion.scriptBlock">
    <span class="polarion-rp-widget-parameters">
      <sub id="script">
        <sub id="script" style="white-space:pre;">##
##  Hints Panel
##
&lt;style&gt;
.hints-panel{
 padding: 20px;
  border-radius: 5px;
  text-align:left;
  background-color:rgb(189,237,228);
  color:rgb(64,157,139) !important;
  padding-bottom:15px;
 padding-top:10px;
  line-height:25px;
  margin-top:20px
  }
.hints-panel a{
  color:rgb(64,157,139) !important;
}
&lt;/style&gt;
#if(!$plan.fields.dueDate.get || !$plan.fields.startDate.get || $plan.items.isEmpty)
&lt;div class=&quot;hints-panel&quot;&gt; 
    &lt;span style=&quot;font-size:14px;font-weight:bold;&quot;&gt;Next Steps&lt;br/&gt;&lt;/span&gt;
    #if(!$plan.fields.dueDate.get || !$plan.fields.startDate.get) 
              &lt;span style=&quot;font-size:25px;font-weight:bold&quot;&gt;&amp;#9744;&lt;/span&gt; 
            &lt;a style=&quot;color:rgb(64,157,139)&quot; target=&quot;_top&quot; href=&quot;/polarion/#/project/$plan.reference.projectId/plan?id=$plan.reference.id&amp;tab=properties&quot;&gt;
                    Set &lt;b&gt;Start&lt;/b&gt; and &lt;b&gt;Due&lt;/b&gt; Date.
    &lt;/a&gt;&lt;br/&gt;
#end
#if($plan.items.isEmpty) 
    &lt;span style=&quot;font-size:25px;font-weight:bold&quot;&gt;&amp;#9744;&lt;/span&gt; 
    &lt;a style=&quot;color:rgb(64,157,139)&quot; target=&quot;_top&quot; href=&quot;$pageContext.addWorkItemsLink&quot;&gt;
        &lt;b&gt;Add&lt;/b&gt;  Work Items to the Plan.
&lt;/a&gt;&lt;br/&gt;
#end
&lt;/div&gt;
#end
        </sub>
      </sub>
    </span>
  </div>
  <p id="polarion_client60" style="text-align: center;">
    <span class="polarion-rp-inline-widget" data-widget="com.polarion.planStatusButton"><span class="polarion-rp-widget-parameters"></span></span>
  </p>
  <div id="polarion_client68" class="polarion-rp-widget-part" data-widget="com.polarion.scriptBlock">
    <span class="polarion-rp-widget-parameters">
      <sub id="script">
        <sub id="script" style="white-space:pre;">&lt;style&gt;
.plan-bluepanel{
background-color: #edf6ff;
padding: 20px;
border-radius: 5px;
margin: auto;
text-align:left
}
&lt;/style&gt;
&lt;div class=&quot;plan-bluepanel&quot;&gt;
	&lt;div style=&quot;text-align: center;&quot;&gt;&lt;span class=&quot;polarion-rp-inline-widget&quot; data-widget=&quot;com.polarion.planOpenInTableButton&quot; polarion-inline-block-widget=&quot;true&quot;&gt;&lt;/span&gt;&lt;/div&gt;
    &lt;br/&gt;
	&lt;a target=&quot;_top&quot; href=&quot;$pageContext.addWorkItemsLink&quot;&gt;
    	&lt;span style=&quot;;padding-left:23px;font-size:14px;line-height:30px;font-weight:bold;&quot;&gt;
        	&lt;img src=&quot;/polarion/icons/default/actions/create_link.gif&quot;/&gt; 
            Add Work Items to the Plan
 		&lt;/span&gt;
	&lt;/a&gt;
	&lt;ul&gt;
		&lt;li&gt; 
			&lt;a target=&quot;_top&quot; href=&quot;$plan.utils.prioritizationLink&quot;&gt;
            	Prioritize Planned Items
            &lt;/a&gt;
		&lt;/li&gt;
		&lt;li&gt;
			&lt;a target=&quot;_top&quot; href=&quot;$pageContext.browseAllPlannedLink&quot;&gt;
            	Browse All Planned Items
            &lt;/a&gt;
		&lt;/li&gt;
	&lt;/ul&gt;
&lt;/div&gt;
        </sub>
      </sub>
    </span>
  </div>
  <h2 id="polarion_client69">Activities</h2>
  <div id="polarion_client71" class="polarion-rp-widget-part" data-widget="com.polarion.planActivityStream">
    <span class="polarion-rp-widget-parameters">
      <sub id="plan">
        <sub id="paths">
          <sub>@current</sub>
        </sub>
      </sub>
      <sub id="advanced">
        <sub id="top"></sub>
      </sub>
    </span>
  </div>
  <p id="polarion_client4"></p>
</div>
<div class="polarion-rp-row-separator"></div>
<pre id="polarion-rp-page-script">### $pageContext.planQuery
#set($planQuery=&quot;PLAN:($plan.reference.toPath)&quot;)
$!pageContext.put(&quot;planQuery&quot;,$planQuery)
### $pageContext.browseAllPlannedLink
### $pageContext.scope
#set($projectFragment = &quot;/project/$plan.reference.projectId&quot;)
#set($scope = &quot;$plan.reference.projectId&quot;)
#set($prioritizationField = &quot;$plan.fields.prioritizationField.get&quot;)
#set($projectSpanQuery= &quot;&quot;)
#if(!$plan.fields.projectSpan.isEmpty())
    #if($plan.fields.projectSpan.size()&gt;1)
        #set($projectFragment = &quot;&quot;)
	    #set($projectSpanQuery = &quot; AND project.id:(&quot;)
		#foreach($pSpan in $plan.fields.projectSpan)
    		#set($projectSpanQuery= &quot;$projectSpanQuery $pSpan.reference.id&quot;)			
        #end
        #set($projectSpanQuery= &quot;$projectSpanQuery )&quot;)
        #set($scope = &quot;/&quot;)
    #else
    	#set($pSpan = $plan.fields.projectSpan.iterator.next)
        #set($projectFragment = &quot;/project/$pSpan.reference.projectId&quot;)
        ##set($scope = &quot;$pSpan.reference.projectId&quot;)
        #set($scope = &quot;/&quot;)
    #end
#end
$!pageContext.put(&quot;browseAllPlannedLink&quot;,&quot;/polarion/${esc.h}$projectFragment/workitems?query=$planQuery&amp;sorting=~$prioritizationField&quot;)
$!pageContext.put(&quot;scope&quot;,&quot;$scope&quot;)
$!pageContext.put(&quot;prioritizationField&quot;,&quot;$prioritizationField&quot;)
##
### $pageContext.addWorkItemsLink
#set($allowedTypes =false)
#foreach($t in $plan.fields.allowedTypes)
	#if($allowedTypes)
    	#set($allowedTypes =&quot;$allowedTypes $t.id&quot;)
    #else
    	#set($allowedTypes =&quot;type:($t.id&quot;)
    #end
#end
#if($allowedTypes)
	#set($allowedTypes =&quot;$allowedTypes)&quot;)
#else
	#set($allowedTypes =&quot;&quot;)
#end
#set($parentQ =&quot;&quot;)
#set($parentPlan = $plan.fields.parent)
#if($parentPlan.get)
	#if($allowedTypes.length()&gt;0)
    	#set($parentQ =&quot;AND PLAN:($parentPlan.get.reference.toPath)&quot;)
    #else
    	#set($parentQ =&quot;PLAN:($parentPlan.get.reference.toPath)&quot;)
    #end
#end
$!pageContext.put(&quot;addWorkItemsLink&quot;,&quot;/polarion/${esc.h}$projectFragment/workitems?query=$allowedTypes$parentQ$projectSpanQuery&amp;sorting=~$prioritizationField&amp;sidebar=planning&amp;plan=$plan.reference.toPath&quot;)
##
### Display debug info
planQuery: $planQuery &lt;br/&gt;&lt;br/&gt;
scope: $scope &lt;br/&gt;&lt;br/&gt;
browseAllPlannedLink: $pageContext.browseAllPlannedLink &lt;br/&gt;&lt;br/&gt;
addWorkItemsLink: $pageContext.addWorkItemsLink &lt;br/&gt;&lt;br/&gt;
prioritizationField: $pageContext.prioritizationField &lt;br/&gt;&lt;br/&gt;</pre>]]></field>
    <field id="isTemplate">true</field>
    <field id="name">Release</field>
    <field id="prioritizationField">priority</field>
    <field id="status">open</field>
    <field id="useReportFromTemplate">true</field>
</plan>
