<?xml version="1.0" encoding="UTF-8" standalone="no"?>
<factbase artifact="drivepilot" id="source-check-integration" tag="20130523_1550">
    <structure-element id="root" provider="root" type="root">
        <value-fact-element id="source-code-integration" provider="SensorTest" type="source-code-integration">
            <value>23-05-13 15:21:33</value>
            <properties>
                <property id="has-source-directories">
                    <value>true</value>
                </property>
            </properties>
        </value-fact-element>
        <value-fact-element id="source-code-existence" provider="SensorTest" type="source-code-existence">
            <value>true</value>
        </value-fact-element>
    </structure-element>
</factbase>
