<?xml version="1.0" encoding="UTF-8" standalone="no"?>
<collection id="WORKITEMS-PLANNING-ACCURACY" prototype="WorkItem">
    <item id="/default/drivepilot$DP-272"/>
    <item id="/default/drivepilot$DP-450"/>
    <item id="/default/drivepilot$DP-451"/>
    <item id="/default/drivepilot$EL-77"/>
    <item id="/default/drivepilot$EL-74"/>
    <item id="/default/drivepilot$DP-273"/>
    <item id="/default/drivepilot$EL-75"/>
    <item id="/default/drivepilot$DP-457"/>
    <item id="/default/drivepilot$DP-449"/>
    <item id="/default/drivepilot$DP-458"/>
    <item id="/default/drivepilot$DP-459"/>
    <item id="/default/drivepilot$DP-453"/>
    <item id="/default/drivepilot$DP-454"/>
    <item id="/default/drivepilot$DP-456"/>
    <item id="/default/drivepilot$DP-465"/>
    <item id="/default/drivepilot$DP-467"/>
    <item id="/default/drivepilot$DP-466"/>
    <item id="/default/drivepilot$EL-139"/>
    <item id="/default/drivepilot$DP-461"/>
    <item id="/default/drivepilot$DP-460"/>
    <item id="/default/drivepilot$DP-462"/>
</collection>
