<?xml version="1.0" encoding="UTF-8" standalone="no"?>
<work-item>
    <field id="type">requirement</field>
    <field id="author">admin</field>
    <field id="title">System Feature 1</field>
    <field id="created">2008-09-30 00:36:48.900 +0200</field>
    <field id="description" text-type="text/html">&lt;span class="Apple-style-span" style="font-style: italic;"&gt;Don’t really say “System Feature 1.” State the feature name in just a few words.&lt;br/&gt;&lt;/span&gt; &lt;span class="Apple-style-span" style="font-weight: bold;"&gt;&lt;span class="Apple-style-span" style="font-style: italic;"&gt;&lt;br/&gt;Description and Priority&lt;/span&gt;&lt;span class="Apple-style-span" style="font-weight: normal;"&gt;&lt;span class="Apple-style-span" style="font-style: italic;"&gt;&lt;br/&gt;Provide a short description of the feature and indicate whether it is of High, Medium, or Low priority. You could also include specific priority component ratings, such as benefit, penalty, cost, and risk (each rated on a relative scale from a low of 1 to a high of 9).&lt;/span&gt;&lt;/span&gt;&lt;/span&gt;&lt;span class="Apple-style-span" style="font-style: italic;"&gt;&lt;br/&gt;&lt;/span&gt;&lt;span class="Apple-style-span" style="font-weight: bold;"&gt;&lt;span class="Apple-style-span" style="font-style: italic;"&gt;&lt;br/&gt;Stimulus/Response Sequences&lt;br/&gt;&lt;/span&gt;&lt;/span&gt;&lt;span class="Apple-style-span" style="font-style: italic;"&gt;List the sequences of user actions and system responses that stimulate the behavior defined for this feature. These will correspond to the dialog elements associated with use cases.&lt;br/&gt;&lt;/span&gt;&lt;span class="Apple-style-span" style="font-weight: bold;"&gt;&lt;span class="Apple-style-span" style="font-style: italic;"&gt;&lt;br/&gt;Functional Requirements&lt;/span&gt;&lt;/span&gt;&lt;span class="Apple-style-span" style="font-style: italic;"&gt;&lt;br/&gt;Itemize the detailed functional requirements associated with this feature. These are the software capabilities that must be present in order for the user to carry out the services provided by the feature, or to execute the use case. Include how the product should respond to anticipated error conditions or invalid inputs. Requirements should be concise, complete, unambiguous, verifiable, and necessary. Use “TBD” as a placeholder to indicate when necessary information is not yet available&lt;/span&gt;.</field>
    <field id="priority">25.0</field>
    <field id="status">draft</field>
    <field id="severity">should_have</field>
    <field id="previousStatus">open</field>
</work-item>
