<?xml version="1.0" encoding="UTF-8" standalone="no"?>
<work-item>
    <field id="approvals">
        <list>
            <struct>
                <item id="status">approved</item>
                <item id="user">rProject</item>
            </struct>
        </list>
    </field>
    <field id="author">admin</field>
    <field id="categories">
        <list>
            <item>Board</item>
        </list>
    </field>
    <field id="created">2013-01-21 22:03:03.197 +0100</field>
    <field id="description" text-type="text/html">The DCC shall conform to existing best practices for ARM processor circuit board design.&lt;br/&gt;&lt;img style="height: 573px; width: 788px;" src="attachment:diagram_20130211-1439.31053.mxg.png"/&gt;</field>
    <field id="previousStatus">inReview</field>
    <field id="priority">50.0</field>
    <field id="severity">should_have</field>
    <field id="status">approved</field>
    <field id="targetVersion" multi="true" type="enum:@plan[template.id:release]">
        <list>
            <item>Version_1_0</item>
        </list>
    </field>
    <field id="type">electricalRequirement</field>
</work-item>
