<?xml version="1.0" encoding="UTF-8" standalone="no"?>
<work-item>
    <field id="assignee">pGUI</field>
    <field id="author">admin</field>
    <field id="created">2013-01-23 18:50:35.918 +0100</field>
    <field id="initialEstimate">1d</field>
    <field id="linkedWorkItems">
        <list>
            <struct>
                <item id="role">implements</item>
                <item id="suspect">false</item>
                <item id="workItem">DP-345</item>
            </struct>
        </list>
    </field>
    <field id="priority">55.0</field>
    <field id="remainingEstimate">1d</field>
    <field id="severity">should_have</field>
    <field id="status">open</field>
    <field id="title">iPad User Interface application auth code</field>
    <field id="type">workPackage</field>
</work-item>
