<?xml version="1.0" encoding="UTF-8" standalone="no"?>
<work-item>
    <field id="type">requirement</field>
    <field id="author">admin</field>
    <field id="title">Business Risks</field>
    <field id="created">2008-10-02 21:25:03.817 +0200</field>
    <field id="description" text-type="text/html">&lt;span class="Apple-style-span" style="font-style: italic;"&gt;Summarize the major business risks associated with developing this product, such as marketplace competition, timing issues, user acceptance, implementation issues, or possible negative impacts on the business. Estimate the severity of the risks and identify any risk mitigation actions that could be taken.&lt;/span&gt;</field>
    <field id="priority">25.0</field>
    <field id="status">draft</field>
    <field id="severity">should_have</field>
    <field id="previousStatus">open</field>
</work-item>
