<?xml version="1.0" encoding="UTF-8" standalone="no"?>
<notification-config>
    <workitem-created>
        <current-assignee/>
        <current-author/>
        <all-watchers/>
        <all-voters/>
        <current-user/>
        <awaited-approvees/>
    </workitem-created>

    <workitem-updated>
        <current-assignee/>
        <current-author/>
        <all-watchers/>
        <all-voters/>
        <current-user/>
        <awaited-approvees/>
    </workitem-updated>

    <workitem-deleted>
        <current-assignee/>
        <current-author/>
        <all-watchers/>
        <all-voters/>
        <current-user/>
        <awaited-approvees/>
    </workitem-deleted>

    <workitem-status-changed>
        <current-assignee/>
        <current-author/>
        <all-watchers/>
        <all-voters/>
        <current-user/>
    </workitem-status-changed>

    <workitem-assigned>
        <current-assignee/>
        <current-author/>
        <all-watchers/>
        <all-voters/>
        <current-user/>
    </workitem-assigned>

    <workitem-commented>
        <current-assignee/>
        <current-author/>
        <all-watchers/>
        <all-voters/>
        <current-user/>
        <comment-thread-participant/>
    </workitem-commented>

    <workitem-attachment-added>
        <current-assignee/>
        <current-author/>
        <all-watchers/>
        <all-voters/>
        <current-user/>
    </workitem-attachment-added>

    <workitem-attachment-updated>
        <current-assignee/>
        <current-author/>
        <all-watchers/>
        <all-voters/>
        <current-user/>
    </workitem-attachment-updated>

    <workitem-attachment-removed>
        <current-assignee/>
        <current-author/>
        <all-watchers/>
        <all-voters/>
        <current-user/>
    </workitem-attachment-removed>

    <workitem-linked>
        <current-assignee/>
        <current-author/>
        <all-watchers/>
        <all-voters/>
    </workitem-linked>

    <linked-workitem-updated>
        <current-assignee/>
        <current-author/>
        <all-watchers/>
        <all-voters/>
    </linked-workitem-updated>

    <backlinked-workitem-updated>
        <current-assignee/>
        <current-author/>
        <all-watchers/>
        <all-voters/>
    </backlinked-workitem-updated>

    <workitem-watcher-added>
        <current-assignee/>
        <current-author/>
        <all-watchers/>
        <all-voters/>
        <current-user/>
    </workitem-watcher-added>

    <workitem-watcher-removed>
        <current-assignee/>
        <current-author/>
        <all-watchers/>
        <all-voters/>
        <current-user/>
    </workitem-watcher-removed>

    <workitem-vote-added>
        <current-assignee/>
        <current-author/>
        <all-watchers/>
        <all-voters/>
        <current-user/>
    </workitem-vote-added>

    <workitem-vote-removed>
        <current-assignee/>
        <current-author/>
        <all-watchers/>
        <all-voters/>
        <current-user/>
    </workitem-vote-removed>

    <workitem-approval-added>
        <current-assignee/>
        <current-author/>
        <all-watchers/>
        <all-voters/>
        <current-user/>
    </workitem-approval-added>

    <workitem-approval-removed>
        <current-assignee/>
        <current-author/>
        <all-watchers/>
        <all-voters/>
        <current-user/>
    </workitem-approval-removed>

    <workitem-approval-changed>
        <current-assignee/>
        <current-author/>
        <all-watchers/>
        <all-voters/>
        <current-user/>
    </workitem-approval-changed>

    <module-created>
        <current-user/>
    </module-created>

    <document-created>
        <current-author/>
        <current-user/>
    </document-created>

    <document-deleted>
        <current-author/>
        <current-user/>
        <all-commenters/>
    </document-deleted>

    <document-updated>
        <current-author/>
        <current-user/>
        <all-commenters/>
    </document-updated>

    <document-status-changed>
        <current-author/>
        <current-user/>
        <all-commenters/>
    </document-status-changed>

    <document-commented>
        <current-author/>
        <current-user/>
        <comment-thread-participant/>
    </document-commented>

    <document-comment-removed>
        <current-author/>
        <current-user/>
        <comment-thread-participant/>
    </document-comment-removed>

    <document-moved>
        <current-author/>
        <current-user/>
        <all-commenters/>
    </document-moved>

    <revision-linked>
        <current-assignee/>
        <current-author/>
        <all-watchers/>
        <all-voters/>
        <current-user/>
    </revision-linked>

    <build-finished>
        <project-lead/>
        <project-members/>
    </build-finished>

    <user-created>
        <current-user/>
        <affected-user/>
        <global-role role="admin"/>
    </user-created>

    <user-updated>
        <affected-user/>
        <current-user/>
    </user-updated>

    <user-deleted>
        <affected-user/>
        <current-user/>
    </user-deleted>

    <testrun-status-changed>
        <project-lead/>
        <project-members/>
    </testrun-status-changed>

    <testrun-deleted>
        <project-lead/>
    </testrun-deleted>

    <plan-workitem-added>
        <current-author/>
        <current-user/>
    </plan-workitem-added>

    <plan-workitem-removed>
        <current-author/>
        <current-user/>
    </plan-workitem-removed>

    <plan-created>
        <current-author/>
        <current-user/>
    </plan-created>

    <plan-deleted>
        <current-author/>
        <current-user/>
    </plan-deleted>

    <plan-updated>
        <current-author/>
        <current-user/>
    </plan-updated>

    <plan-status-changed>
        <current-author/>
        <current-user/>
    </plan-status-changed>

</notification-config>
