<?xml version="1.0" encoding="UTF-8" standalone="no"?>
<work-item>
    <field id="type">requirement</field>
    <field id="author">admin</field>
    <field id="title">Assumptions and Dependencies</field>
    <field id="created">2008-10-02 21:26:45.817 +0200</field>
    <field id="description" text-type="text/html">&lt;span style="font-style: italic;"&gt;Record any assumptions that were made when conceiving the project and writing this vision and scope document. Note any major dependencies the project must rely upon for success, such as specific technologies, third-party vendors, development partners, or other business relationships.&lt;/span&gt;</field>
    <field id="priority">25.0</field>
    <field id="status">draft</field>
    <field id="severity">should_have</field>
    <field id="previousStatus">open</field>
</work-item>
