<?xml version="1.0" encoding="UTF-8" standalone="no"?>
<module>
    <field id="author">admin</field>
    <field id="created">2013-01-09 22:56:37.219 +0100</field>
    <field id="homePageContent" text-type="text/html"><![CDATA[<h1 id="polarion_wiki macro name=module-workitem;params=id=DP-147"></h1><div id="polarion_wiki macro name=toc"></div><div id="polarion_editor_html_block1" class="polarion-dle-wiki-block">
  <div id="polarion_editor_html_block_content" contentEditable="false"></div><pre id="polarion_editor_html_block_source" class="polarion-dle-wiki-block-source" contentEditable="false">#documentPanel(true &quot;approved&quot;)</pre>
</div><h2 id="polarion_wiki macro name=module-workitem;params=id=DP-148"></h2><h3 id="polarion_wiki macro name=module-workitem;params=id=DP-149"></h3><p id="polarion_new_0">This document describes the design of a DrivePilot software application. Software components described in this document have been identified as needed to implement requirements from System Requirements specification (see References below). Together with that document, it provides the design specifications needed to implement the system.</p><h3 id="polarion_wiki macro name=module-workitem;params=id=DP-150"></h3><p id="polarion_new_11">
  <span style="font-style: italic;">TO DO: Provide a short description of the software being specified.</span>
</p><h3 id="polarion_wiki macro name=module-workitem;params=id=DP-151"></h3><p id="polarion_merged_3">
  <span class="polarion-rte-link" data-type="document" id="fake" data-item-name="System Requirements" data-space-name="Requirements" data-option-id="default"></span>
</p><h2 id="polarion_wiki macro name=module-workitem;params=id=DP-161"></h2><h4 id="polarion_wiki macro name=module-workitem;params=id=DP-90"></h4><p id="polarion_merged_2">
  <img src="attachment:diagram_20130222-1237.06935.mxg.png" style="width: 754px;height: 504px;"/>
</p><h3 id="polarion_wiki macro name=module-workitem;params=id=DP-341"></h3><div id="polarion_wiki macro name=module-workitem;params=id=DP-334|layout=0"></div><h4 id="polarion_wiki macro name=module-workitem;params=id=DP-342"></h4><div id="polarion_wiki macro name=module-workitem;params=id=DP-345|layout=0"></div><div id="polarion_wiki macro name=module-workitem;params=id=DP-351|layout=0"></div><div id="polarion_wiki macro name=module-workitem;params=id=DP-348|layout=0|level=1"></div><h4 id="polarion_wiki macro name=module-workitem;params=id=DP-343"></h4><div id="polarion_wiki macro name=module-workitem;params=id=DP-347|layout=0"></div><div id="polarion_wiki macro name=module-workitem;params=id=DP-353|layout=0"></div><div id="polarion_wiki macro name=module-workitem;params=id=DP-349|layout=0|level=1"></div><h2 id="polarion_wiki macro name=module-workitem;params=id=DP-169"></h2><p id="polarion_2">
  <span style="font-size: 10pt;line-height: 1.5;">Browse the Requirements refined by design items using <span style="font-weight: bold;"><span class="polarion-rte-link" data-type="polarion" id="fake" data-custom-label="Requirements - Design Traceability Tree" data-url="/wiki/Requirements/System Requirements/?link_role=parent,refines&amp;tree_depth=5&amp;tab=tree"></span></span></span>
</p><p id="polarion_1"></p>]]></field>
    <field id="renderingLayouts">
        <list>
            <struct>
                <item id="label">Software Requirement</item>
                <item id="layouter">paragraph</item>
                <item id="properties">
                    <list>
                        <struct>
                            <item id="key">fieldsAtStart</item>
                            <item id="value">id</item>
                        </struct>
                        <struct>
                            <item id="key">fieldsAtEnd</item>
                            <item id="value">status as image,targetVersion</item>
                        </struct>
                        <struct>
                            <item id="key">fieldsAtEndAsTable</item>
                        </struct>
                        <struct>
                            <item id="key">hidden</item>
                        </struct>
                    </list>
                </item>
                <item id="type">softwareRequirement</item>
            </struct>
        </list>
    </field>
    <field id="status">approved</field>
    <field id="structureLinkRole">parent</field>
    <field id="type">req_specification</field>
    <field id="usesOutlineNumbering">true</field>
    <field id="version" type="string">1.0</field>
</module>
