<?xml version="1.0" encoding="UTF-8" standalone="no"?>
<workflow initial-action="init" initial-status="open">
    <transitions>
        <transition action="start_progress" from="open" to="inprogress"/>
        <transition action="mark_done" from="open" to="done"/>
        <transition action="mark_verified_done" from="open" to="verified-done"/>
        <transition action="mark_done" from="inprogress" to="done"/>
        <transition action="mark_verified_done" from="inprogress" to="verified-done"/>
        <transition action="reopen" from="done" to="reopened"/>
        <transition action="verify_done" from="done" to="verified-done"/>
        <transition action="mark_done" from="reopened" to="done"/>
        <transition action="mark_verified_done" from="reopened" to="verified-done"/>
        <transition action="reopen" from="verified-done" to="reopened"/>
        <transition action="stop_progress" from="inprogress" to="open"/>
        <transition action="reject" from="inprogress" to="rejected"/>
        <transition action="mark_verified_rejected" from="inprogress" to="verified-rejected"/>
        <transition action="reject" from="reopened" to="rejected"/>
        <transition action="mark_verified_rejected" from="reopened" to="verified-rejected"/>
        <transition action="reject" from="open" to="rejected"/>
        <transition action="mark_verified_rejected" from="open" to="verified-rejected"/>
        <transition action="reopen" from="rejected" to="reopened"/>
        <transition action="reopen" from="verified-rejected" to="reopened"/>
        <transition action="verify_rejected" from="rejected" to="verified-rejected"/>
    </transitions>
    <actions>
        <action id="init" name="Initialization">
            <cleared>
                <field name="resolution"/>
            </cleared>
            <functions>
                <function name="LinkedWorkItemsStatusChange">
                    <param name="back.link.roles" value="depends_on"/>
                    <param name="link.roles" value="parent"/>
                    <param name="valid.states" value="open,inprogress,reopened"/>
                    <param name="target.state" value="reopened"/>
                    <param name="clear.attribs" value="resolution"/>
                </function>
            </functions>
        </action>
        <action id="start_progress" name="Start Progress">
            <required>
                <field name="assignee"/>
                <field name="plannedIn"/>
            </required>
        </action>
        <action id="stop_progress" name="Stop Progress"/>
        <action id="mark_done" name="Mark Done">
            <required>
                <field name="resolution"/>
                <field name="assignee"/>
                <field name="plannedIn"/>
            </required>
            <conditions>
                <condition name="LinkedWorkItemsStatus">
                    <param name="back.link.roles" value="parent"/>
                    <param name="link.roles" value="depends_on"/>
                    <param name="valid.states" value="done,rejected,verified-done,verified-rejected"/>
                </condition>
            </conditions>
        </action>
        <action id="mark_verified_done" name="Mark Verified Done">
            <required>
                <field name="resolution"/>
                <field name="assignee"/>
                <field name="plannedIn"/>
            </required>
            <conditions>
                <condition name="LinkedWorkItemsStatus">
                    <param name="back.link.roles" value="parent"/>
                    <param name="link.roles" value="depends_on"/>
                    <param name="valid.states" value="verified-done,verified-rejected"/>
                </condition>
            </conditions>
        </action>
        <action id="reopen" name="Reopen">
            <cleared>
                <field name="resolution"/>
            </cleared>
            <functions>
                <function name="LinkedWorkItemsStatusChange">
                    <param name="back.link.roles" value="depends_on"/>
                    <param name="link.roles" value="parent"/>
                    <param name="valid.states" value="open,inprogress,reopened"/>
                    <param name="target.state" value="reopened"/>
                    <param name="clear.attribs" value="resolution"/>
                </function>
            </functions>
        </action>
        <action id="reject" name="Reject">
            <required>
                <field name="resolution"/>
            </required>
        </action>
        <action id="mark_verified_rejected" name="Mark Verified Rejected">
            <required>
                <field name="resolution"/>
            </required>
        </action>
        <action id="verify_done" name="Verify Done">
            <required>
                <field name="resolution"/>
                <field name="assignee"/>
                <field name="plannedIn"/>
            </required>
        </action>
        <action id="verify_rejected" name="Verify Rejected">
            <required>
                <field name="resolution"/>
            </required>
        </action>
    </actions>
</workflow>
