<?xml version="1.0" encoding="UTF-8" standalone="no"?>
<work-item>
    <field id="approvals">
        <list>
            <struct>
                <item id="status">approved</item>
                <item id="user">rProject</item>
            </struct>
        </list>
    </field>
    <field id="author">admin</field>
    <field id="categories">
        <list>
            <item>Core</item>
        </list>
    </field>
    <field id="created">2013-01-21 22:21:39.335 +0100</field>
    <field id="description" text-type="text/html">The User Console will resemble a typical dashboard display and include options for system configuration.</field>
    <field id="linkedWorkItems">
        <list>
            <struct>
                <item id="role">relates_to</item>
                <item id="suspect">false</item>
                <item id="workItem">DP-318</item>
            </struct>
            <struct>
                <item id="role">refines</item>
                <item id="suspect">false</item>
                <item id="workItem">DP-318</item>
            </struct>
        </list>
    </field>
    <field id="previousStatus">inReview</field>
    <field id="priority">50.0</field>
    <field id="severity">should_have</field>
    <field id="status">approved</field>
    <field id="targetVersion" multi="true" type="enum:@plan[template.id:release]">
        <list>
            <item>Version_1_0</item>
        </list>
    </field>
    <field id="type">softwareRequirement</field>
</work-item>
