<?xml version="1.0" encoding="UTF-8" standalone="no"?>
<module>
    <field id="author">admin</field>
    <field id="created">2011-02-01 13:00:39.703 +0100</field>
    <field id="homePageContent" text-type="text/html"><![CDATA[<h1 id="polarion_wiki macro name=module-workitem;params=id=WI-224"></h1><p id="polarion_new_0">
  System Requirements Specification describe what the system’s sponsor expects the system to do, the system’s expected environment, the system’s usage profile, its performance parameters, and its expected quality and effectiveness. The SysRS is a structured collection of information that embodies the requirements of the system. The SysRS completely describes all inputs, outputs, and required relationships between inputs and outputs
</p><div id="polarion_wiki macro name=toc"></div><h2 id="polarion_wiki macro name=module-workitem;params=id=WI-225"></h2><h3 id="polarion_wiki macro name=module-workitem;params=id=WI-226"></h3><p id="polarion_merged_1">
  <span style="font-style: italic;">Identify the purpose of this SysRS and its intended audience.</span>
</p><h3 id="polarion_wiki macro name=module-workitem;params=id=WI-227"></h3><p id="polarion_merged_2">
  <span style="font-style: italic;">Provide a short description of the system being specified and its purpose, including relevant benefits, objectives, and goals. An SysRS that specifies the next release of an evolving product should contain its own scope statement as a subset of the long-term strategic product vision.</span>
</p><h3 id="polarion_wiki macro name=module-workitem;params=id=WI-228"></h3><p id="polarion_merged_3">
  <span style="font-style: italic;">List any other documents or Web addresses to which this SysRS refers. Provide enough information so that the reader could access a copy of each reference, including title, author, version number, date, and source or location.</span>
</p><h3 id="polarion_wiki macro name=module-workitem;params=id=WI-229"></h3><p id="polarion_merged_4">
  <span style="font-style: italic;">A short description of how the rest of the SysRS is organized and what can be found in the rest of the document.</span>
</p><h2 id="polarion_wiki macro name=module-workitem;params=id=WI-230"></h2><h3 id="polarion_wiki macro name=module-workitem;params=id=WI-289"></h3><p id="polarion_merged_6">
  <span style="font-style: italic;">Provide appropriate diagrams and accompanying narratives to provide an overview of the context of the system, defining all significant interfaces crossing the system’s boundaries.</span>
</p><h3 id="polarion_wiki macro name=module-workitem;params=id=WI-290"></h3><p id="polarion_merged_7">
  <span style="font-style: italic;">Describe the various modes of operation for the system and the conditions that determine the modes of operation.</span>
</p><h3 id="polarion_wiki macro name=module-workitem;params=id=WI-291"></h3><p id="polarion_merged_9">
  <span style="font-style: italic;">Provide diagrams and accompanying narratives to depict major capability groupings of the requirements.</span>
</p><h3 id="polarion_wiki macro name=module-workitem;params=id=WI-292"></h3><p id="polarion_merged_11">
  <span style="font-style: italic;">Specify major conditions and their associated capabilities.</span>
</p><h3 id="polarion_wiki macro name=module-workitem;params=id=WI-293"></h3><p id="polarion_merged_13">
  <span style="font-style: italic;">Describe major constraints of the system.</span>
</p><h3 id="polarion_wiki macro name=module-workitem;params=id=WI-294"></h3><p id="polarion_merged_16">
  <span style="font-style: italic;">Describe the assumptions that can affect the requirements specified in this SysRS.</span>
</p><h3 id="polarion_wiki macro name=module-workitem;params=id=WI-295"></h3><p id="polarion_merged_19">
  <span style="font-style: italic;">Describe the dependencies that can affect the requirements specified in this SysRS.</span>
</p><h3 id="polarion_wiki macro name=module-workitem;params=id=WI-296"></h3><p id="polarion_merged_22">
  <span style="font-style: italic;">Provide descriptive operational scenarios for the system.</span>
</p><h2 id="polarion_wiki macro name=module-workitem;params=id=WI-231"></h2><h3 id="polarion_wiki macro name=module-workitem;params=id=WI-297"></h3><p id="polarion_new_50">
  <span style="font-style: italic;">Describe all business requirements for the system. Business requirements are the parts of the fully defined business process that will be automated by the system. Business requirements may be defined as use cases.</span>
</p><h3 id="polarion_wiki macro name=module-workitem;params=id=WI-298"></h3><p id="polarion_new_48">
  <span style="font-style: italic;">Customize this subsection to contain the subsections necessary to comprehensively define the fundamental actions that must take place within the system to accept and process the inputs and to process and generate the outputs.<br/>
    <br/>
    Fundamental actions in functional requirements include:<br/>
  </span>
</p><ul id="polarion_cleaned_13">
  <li style="font-style: italic;">Validity checks on the inputs</li>
  <li style="font-style: italic;">Exact sequence of operations</li>
  <li style="font-style: italic;">Responses to abnormal situations, including overflow and communication facilities </li>
  <li style="font-style: italic;">Effect of parameters</li>
  <li style="font-style: italic;">Relationship of outputs to inputs, including</li>
  <li style="font-style: italic;">Input/output sequences</li>
  <li style="font-style: italic;">Formulas for input to output conversion</li>
  <li><span style="font-style: italic;">Definitions of the responses of the system to all realizable classes of input data in all realizable classes of situations </span><br/>
  </li>
</ul><p id="polarion_cleaned_14">
  <span style="font-style: italic;">Functional requirements should include specific requirements for business rules. Business rules describe and document the steps in a business process. <br/>
    <br/>
    It may be appropriate to partition the functional requirements into sub-functions or subprocesses. This does not imply that the architecture or system design will also be partitioned in that way. <br/>
    <br/>
    The two common means of specifying functional requirements are functional decomposition and use cases. Subsection templates for each of the means of specifying functional requirements are provided below. </span><br/>
</p><div id="polarion_wiki macro name=module-workitem;params=id=SysRS-29"></div><div id="polarion_wiki macro name=module-workitem;params=id=SysRS-30|level=1"></div><div id="polarion_wiki macro name=module-workitem;params=id=SysRS-31|level=1"></div><div id="polarion_wiki macro name=module-workitem;params=id=SysRS-32|level=1"></div><div id="polarion_wiki macro name=module-workitem;params=id=SysRS-33"></div><h3 id="polarion_wiki macro name=module-workitem;params=id=WI-299"></h3><h4 id="polarion_wiki macro name=module-workitem;params=id=WI-300"></h4><p id="polarion_new_54">
  <span style="font-style: italic;">Specify the environmental (e.g., mechanical, electrical, chemical) characteristics of where the system will be installed. For example, the weight limits of the system, dimensional and volume limitations, operator station layout, and access for maintenance should be specified. </span>
</p><h4 id="polarion_wiki macro name=module-workitem;params=id=WI-301"></h4><p id="polarion_new_57">
  <span style="font-style: italic;">Specify the durability characteristics of the system.</span>
</p><h4 id="polarion_wiki macro name=module-workitem;params=id=WI-302"></h4><p id="polarion_new_58">
  <span style="font-style: italic;">Specify the growth, expansion, capability, and contraction characteristics. For example, if the system will require future network bandwidth, the hardware rack should be specified with extra slots to accommodate new network cards, as demand increases.</span>
</p><h4 id="polarion_wiki macro name=module-workitem;params=id=WI-303"></h4><p id="polarion_new_64">
  <span style="font-style: italic;">Specify the environmental conditions to be encountered by the system. The following subjects should be considered for coverage: natural environment (e.g., wind, rain, and temperature), induced environment (e.g., motion, shock, noise), and electromagnetic signal environment. </span>
</p><h4 id="polarion_wiki macro name=module-workitem;params=id=WI-304"></h4><p id="polarion_new_67">
  <span style="font-style: italic;">Describe the logical data requirements for the system. </span><br/>
  <span style="font-style: italic;"><br/>
    Logical data requirements may include:<br/>
  </span>
</p><ul id="polarion_cleaned_25">
  <li>Types of information used by various functions</li>
  <li>Frequency of use</li>
  <li>Accessing capabilities</li>
  <li>Data entities and their relationships</li>
  <li>Integrity constraints</li>
  <li>Data retention requirements</li>
</ul><h4 id="polarion_wiki macro name=module-workitem;params=id=WI-305"></h4><p id="polarion_merged_10">
  <span style="font-style: italic;">Describe the user requirements for the system. User requirements capture the intended behavior of the human interface for the application. For example, if the user operates through a display terminal, specify the required screen content, content of any reports or menus, and relative timing of inputs and outputs. User requirements may include example screen or report formats, as prototypes to illustrate requirements</span>
</p><h4 id="polarion_wiki macro name=module-workitem;params=id=WI-306"></h4><p id="polarion_merged_15">
  <span style="font-style: italic;">Describe the requirements for managing the creation, capture, organization, maintenance, use, protection, and disposition of information in accordance with applicable laws, regulations, policies, and standards</span>
</p><h2 id="polarion_wiki macro name=module-workitem;params=id=WI-232"></h2><h3 id="polarion_wiki macro name=module-workitem;params=id=WI-307"></h3><p id="polarion_new_11">
  <span style="font-style: italic;">Describe the performance conditions and their associated capabilities. <br/>
    <br/>
    Include such considerations as:</span>
</p><ul id="polarion_cleaned_32">
  <li><span style="font-style: italic;">Dynamic actions or changes that occur (e.g., rates, velocities, movements, and...</span></li>
  <li><span style="font-style: italic;">Dynamic actions or changes that occur (e.g., rates, velocities, movements, and noise levels)</span></li>
  <li><span style="font-style: italic;">Quantitative criteria covering endurance capabilities of the equipment required to meet the user needs under stipulated environmental and other conditions, including minimum total life expectancy. Indicate required operational session duration and planned utilization rate.</span></li>
  <li><span style="font-style: italic;">Performance requirements for the operational phases and modes</span></li>
  <li><span style="font-style: italic;">The number of terminals to be supported</span></li>
  <li><span style="font-style: italic;">The number of simultaneous users to be supported</span></li>
  <li><span style="font-style: italic;">The numbers of transactions and tasks and the amount of data to be processed within certain time periods for both normal and peak workload conditions</span></li>
  <li><span style="font-style: italic;">Acceptable performance under atypical stress</span></li>
</ul><h3 id="polarion_wiki macro name=module-workitem;params=id=WI-308"></h3><p id="polarion_new_15">
  <span style="font-style: italic;">Describe requirements for the quality characteristics of the system. Specify the requirements in measurable and verifiable terms. Describe any trade-offs between the characteristics (e.g., security versus portability).</span>
</p><h3 id="polarion_wiki macro name=module-workitem;params=id=WI-309"></h3><p id="polarion_new_19">
  <span style="font-style: italic;">Specify relevant applicable laws, regulations, policies, and standards that will affect the operation or performance of the system, as well as any relevant external regulatory requirements, or constraints imposed by normal business practices. <br/>
    <br/>
    Examples of policy and regulation requirements include:<br/>
  </span>
</p><ul id="polarion_cleaned_37">
  <li><span style="font-style: italic;">Multilingual support</span></li>
  <li><span style="font-style: italic;">Labor policies</span></li>
  <li><span style="font-style: italic;">Protection of personnel information</span></li>
  <li><span style="font-style: italic;">Reports to a regulatory agency</span></li>
  <li><span style="font-style: italic;">Health and safety criteria, including those basic to the design of the system, with respect to equipment characteristics, methods of operation, and environmental influences</span></li>
</ul><h3 id="polarion_wiki macro name=module-workitem;params=id=WI-310"></h3><p id="polarion_new_23">
  <span style="font-style: italic;">Describe the review, measurement collection, and analysis quality activities to be executed during the life cycle of the system.<br/>
    <br/>
    The capacity to change or enhance the product and life cycle processes can be designed into the system architecture to enable the cost-effective sustainment of the system throughout its life cycle. This design attribute should be established early in the system’s development to provide a basis for planning each incremental development effort. Evolutionary development strategies should address approaches for managing the introduction of new technologies, evolving requirements, or enhancing product capabilities.<br/>
    <br/>
    The life cycle of the system includes:<br/>
  </span>
</p><ul id="polarion_cleaned_40">
  <li><span style="font-style: italic;">Development</span></li>
  <li><span style="font-style: italic;">Testing</span></li>
  <li><span style="font-style: italic;">Manufacturing</span></li>
  <li><span style="font-style: italic;">Distribution</span></li>
  <li><span style="font-style: italic;">Operation</span></li>
  <li><span style="font-style: italic;">Support</span></li>
  <li><span style="font-style: italic;">Training</span></li>
</ul><h2 id="polarion_wiki macro name=module-workitem;params=id=WI-233"></h2><p id="polarion_merged_0">
  <span style="font-style: italic;">Specify in detail, requirements for interfaces among different components and their external capabilities, including all its users, both human and other systems. The characteristics of interfaces to systems under development, or future systems, should also be included. Any interdependencies or constraints associated with the interfaces should also be identified (e.g.,communication protocols, special devices, standards, fixed formats). Each interface may represent a bidirectional flow of information. A graphic representation of the interfaces should be used when appropriate for the sake of clarity.</span>
</p><h2 id="polarion_wiki macro name=module-workitem;params=id=WI-235"></h2><p id="polarion_new_25">
  <span style="font-style: italic;">Define all the terms necessary to properly interpret the SysRS, including acronyms and abbreviations. You may wish to build a separate glossary that spans multiple projects or the entire organization, and just include terms specific to a single project in each SRS.</span>
</p><h2 id="polarion_wiki macro name=module-workitem;params=id=WI-236"></h2><p id="polarion_new_26">
  <span style="font-style: italic;">This is a dynamic list of the open requirements issues that remain to be resolved, including TBDs, pending decisions, information that is needed, conflicts awaiting resolution, and the like.</span>
</p>]]></field>
    <field id="outlineNumbering">
        <struct/>
    </field>
    <field id="renderingLayouts">
        <list>
            <struct>
                <item id="label">Requirement</item>
                <item id="layouter">section</item>
                <item id="properties">
                    <list>
                        <struct>
                            <item id="key">fieldsAtStart</item>
                            <item id="value">id</item>
                        </struct>
                        <struct>
                            <item id="key">fieldsAtEnd</item>
                            <item id="value">severity, status</item>
                        </struct>
                        <struct>
                            <item id="key">fieldsAtEndAsTable</item>
                        </struct>
                        <struct>
                            <item id="key">hidden</item>
                        </struct>
                    </list>
                </item>
                <item id="type">requirement</item>
            </struct>
        </list>
    </field>
    <field id="status">draft</field>
    <field id="structureLinkRole">parent</field>
    <field id="type">req_specification</field>
    <field id="usesOutlineNumbering">true</field>
</module>
