<?xml version="1.0" encoding="UTF-8" standalone="no"?>
<work-item>
    <field id="approvals">
        <list>
            <struct>
                <item id="status">waiting</item>
                <item id="user">rProject</item>
            </struct>
        </list>
    </field>
    <field id="author">admin</field>
    <field id="categories">
        <list>
            <item>Interface</item>
        </list>
    </field>
    <field id="created">2013-01-21 23:03:04.167 +0100</field>
    <field id="description" text-type="text/html">Android User Interface application can be downloadable through Google Play, but requires authentication code from DrivePilot to download and operate.</field>
    <field id="linkedWorkItems">
        <list>
            <struct>
                <item id="role">refines</item>
                <item id="workItem">DP-338</item>
            </struct>
        </list>
    </field>
    <field id="previousStatus">reviewed</field>
    <field id="priority">50.0</field>
    <field id="severity">should_have</field>
    <field id="status">approved</field>
    <field id="targetVersion" multi="true" type="enum:@plan[template.id:release]">
        <list>
            <item>Version_2_0</item>
        </list>
    </field>
    <field id="type">softwareRequirement</field>
</work-item>
