<?xml version="1.0" encoding="UTF-8" standalone="no"?>
<document-workflow-signature>
    <field id="signatureState">done</field>
    <field id="signatures">
        <list>
            <struct>
                <item id="signedBy">cUser</item>
                <item id="signedRevision">1</item>
                <item id="signerRole">Reviewer</item>
                <item id="verdict">signed</item>
                <item id="verdictComment">Design#Software Design Specification#1</item>
                <item id="verdictTime">2015-03-24 13:42:57.944 +0100</item>
            </struct>
        </list>
    </field>
    <field id="targetStatusId">reviewed</field>
    <field id="transitionDataRevision">0</field>
</document-workflow-signature>
