<?xml version="1.0" encoding="UTF-8" standalone="no"?>
<work-item>
    <field id="assignee">sDeveloper</field>
    <field id="author">admin</field>
    <field id="categories">
        <list>
            <item>Interface</item>
        </list>
    </field>
    <field id="created">2016-01-24 16:39:10.010 +0200</field>
    <field id="description" text-type="text/html">&lt;b&gt;Test Run:&lt;/b&gt; &lt;span id="link" class="polarion-rte-link" data-type="testRun" data-item-id="SDVT-initial" data-option-id="long"&gt;&lt;/span&gt;&lt;br/&gt;&lt;b&gt;Test Case:&lt;/b&gt; &lt;span id="link" class="polarion-rte-link" data-type="workItem" data-item-id="DP-292" data-option-id="long"&gt;&lt;/span&gt;&lt;br/&gt;&lt;table class="polarion-no-style-cleanup" style="border-collapse: collapse;"&gt;&lt;tr style="text-align: left; white-space: nowrap; color: #757575; border-bottom: 1px solid #d2d7da; background-color: #ffffff;"&gt;&lt;th style="text-align: left; padding: 10px; vertical-align: top; background-color: #ffffff;"&gt;&lt;/th&gt;&lt;th style="text-align: left; padding: 10px; vertical-align: top; background-color: #ffffff;"&gt;#&lt;/th&gt;&lt;th style="text-align: left; padding: 10px; vertical-align: top; background-color: #ffffff;"&gt;&lt;span class="polarion-no-style-cleanup" title="Step"&gt;Step&lt;/span&gt;&lt;/th&gt;&lt;th style="text-align: left; padding: 10px; vertical-align: top; background-color: #ffffff;"&gt;&lt;span class="polarion-no-style-cleanup" title="Step Description"&gt;Step Description&lt;/span&gt;&lt;/th&gt;&lt;th style="text-align: left; padding: 10px; vertical-align: top; background-color: #ffffff;"&gt;&lt;span class="polarion-no-style-cleanup" title="Expected Result"&gt;Expected Result&lt;/span&gt;&lt;/th&gt;&lt;th style="text-align: left; padding: 10px; vertical-align: top; background-color: #ffffff;"&gt;Actual Result&lt;/th&gt;&lt;/tr&gt;&lt;tr style="border-bottom: 1px solid #f0f0f0;"&gt;&lt;td style="text-align: left; padding: 10px; vertical-align: top; background-color: #ffffff;"&gt;&lt;span class="polarion-no-style-cleanup" title="Passed"&gt;&lt;span style="white-space:nowrap;"&gt;&lt;img src="/polarion/icons/default/enums/testrun_status_passed.png" style="vertical-align:text-bottom;border:0px;margin-right:2px;" class="polarion-no-style-cleanup"/&gt;&lt;/span&gt;&lt;/span&gt;&lt;/td&gt;&lt;td style="text-align: left; padding: 10px; vertical-align: top; background-color: #ffffff;font-weight: bold;"&gt;1&lt;/td&gt;&lt;td style="text-align: left; padding: 10px; vertical-align: top; background-color: #ffffff;font-weight: bold;"&gt;Start Drive Pilot&lt;/td&gt;&lt;td style="text-align: left; padding: 10px; vertical-align: top; background-color: #ffffff;"&gt;Connect the DrivePilot to the car&lt;/td&gt;&lt;td style="text-align: left; padding: 10px; vertical-align: top; background-color: #ffffff;"&gt;&lt;/td&gt;&lt;td style="text-align: left; padding: 10px; vertical-align: top; background-color: #ffffff;"&gt;&lt;/td&gt;&lt;/tr&gt;&lt;tr style="border-bottom: 1px solid #f0f0f0;"&gt;&lt;td style="text-align: left; padding: 10px; vertical-align: top; background-color: #ffffff;"&gt;&lt;span class="polarion-no-style-cleanup" title="Failed"&gt;&lt;span style="white-space:nowrap;"&gt;&lt;img src="/polarion/icons/default/enums/testrun_status_failed.png" style="vertical-align:text-bottom;border:0px;margin-right:2px;" class="polarion-no-style-cleanup"/&gt;&lt;/span&gt;&lt;/span&gt;&lt;/td&gt;&lt;td style="text-align: left; padding: 10px; vertical-align: top; background-color: #ffffff;font-weight: bold;"&gt;2&lt;/td&gt;&lt;td style="text-align: left; padding: 10px; vertical-align: top; background-color: #ffffff;font-weight: bold;"&gt;Connect iPad Console App&lt;/td&gt;&lt;td style="text-align: left; padding: 10px; vertical-align: top; background-color: #ffffff;"&gt;Start the application and connect to the DrivePilot&lt;/td&gt;&lt;td style="text-align: left; padding: 10px; vertical-align: top; background-color: #ffffff;"&gt;The Application says &amp;quot;Enter Auth Code:&amp;quot;&lt;/td&gt;&lt;td style="text-align: left; padding: 10px; vertical-align: top; background-color: #ffffff;"&gt;System error on startup&lt;/td&gt;&lt;/tr&gt;&lt;tr style="border-bottom: 1px solid #f0f0f0;"&gt;&lt;td style="text-align: left; padding: 10px; vertical-align: top; background-color: #ffffff;"&gt;&lt;span class="polarion-no-style-cleanup" title="Blocked"&gt;&lt;span style="white-space:nowrap;"&gt;&lt;img src="/polarion/icons/default/enums/testrun_status_blocked.png" style="vertical-align:text-bottom;border:0px;margin-right:2px;" class="polarion-no-style-cleanup"/&gt;&lt;/span&gt;&lt;/span&gt;&lt;/td&gt;&lt;td style="text-align: left; padding: 10px; vertical-align: top; background-color: #ffffff;font-weight: bold;"&gt;3&lt;/td&gt;&lt;td style="text-align: left; padding: 10px; vertical-align: top; background-color: #ffffff;font-weight: bold;"&gt;Generate Code &lt;/td&gt;&lt;td style="text-align: left; padding: 10px; vertical-align: top; background-color: #ffffff;"&gt;Generate code using DrivePilot native console&lt;/td&gt;&lt;td style="text-align: left; padding: 10px; vertical-align: top; background-color: #ffffff;"&gt;The authentication code appears in the DrivePilot console. &lt;/td&gt;&lt;td style="text-align: left; padding: 10px; vertical-align: top; background-color: #ffffff;"&gt;&lt;/td&gt;&lt;/tr&gt;&lt;tr style="border-bottom: 1px solid #f0f0f0;"&gt;&lt;td style="text-align: left; padding: 10px; vertical-align: top; background-color: #ffffff;"&gt;&lt;span class="polarion-no-style-cleanup" title="Blocked"&gt;&lt;span style="white-space:nowrap;"&gt;&lt;img src="/polarion/icons/default/enums/testrun_status_blocked.png" style="vertical-align:text-bottom;border:0px;margin-right:2px;" class="polarion-no-style-cleanup"/&gt;&lt;/span&gt;&lt;/span&gt;&lt;/td&gt;&lt;td style="text-align: left; padding: 10px; vertical-align: top; background-color: #ffffff;font-weight: bold;"&gt;4&lt;/td&gt;&lt;td style="text-align: left; padding: 10px; vertical-align: top; background-color: #ffffff;font-weight: bold;"&gt;Enter Code&lt;/td&gt;&lt;td style="text-align: left; padding: 10px; vertical-align: top; background-color: #ffffff;"&gt;Enter the generated code to the app.&lt;/td&gt;&lt;td style="text-align: left; padding: 10px; vertical-align: top; background-color: #ffffff;"&gt; The Enter Auth Code field accepts the input&lt;/td&gt;&lt;td style="text-align: left; padding: 10px; vertical-align: top; background-color: #ffffff;"&gt;&lt;/td&gt;&lt;/tr&gt;&lt;tr style="border-bottom: 1px solid #f0f0f0;"&gt;&lt;td style="text-align: left; padding: 10px; vertical-align: top; background-color: #ffffff;"&gt;&lt;span class="polarion-no-style-cleanup" title="Blocked"&gt;&lt;span style="white-space:nowrap;"&gt;&lt;img src="/polarion/icons/default/enums/testrun_status_blocked.png" style="vertical-align:text-bottom;border:0px;margin-right:2px;" class="polarion-no-style-cleanup"/&gt;&lt;/span&gt;&lt;/span&gt;&lt;/td&gt;&lt;td style="text-align: left; padding: 10px; vertical-align: top; background-color: #ffffff;font-weight: bold;"&gt;5&lt;/td&gt;&lt;td style="text-align: left; padding: 10px; vertical-align: top; background-color: #ffffff;font-weight: bold;"&gt;Submit&lt;/td&gt;&lt;td style="text-align: left; padding: 10px; vertical-align: top; background-color: #ffffff;"&gt; Submit the code&lt;/td&gt;&lt;td style="text-align: left; padding: 10px; vertical-align: top; background-color: #ffffff;"&gt; The app says: &amp;quot;Connected&amp;quot;&lt;/td&gt;&lt;td style="text-align: left; padding: 10px; vertical-align: top; background-color: #ffffff;"&gt;&lt;/td&gt;&lt;/tr&gt;&lt;/table&gt;&lt;table style="margin-bottom: 15px; ;border-collapse: collapse; width:100%; ;margin-top: 13px;" class="polarion-no-style-cleanup"&gt;&lt;tr&gt;&lt;th style="width: 80%; text-align: left; background-color: #ffffff;"&gt;Test Case Verdict:&lt;/th&gt;&lt;/tr&gt;&lt;tr&gt;&lt;td style="vertical-align: top;"&gt;&lt;span style="font-weight: bold;"&gt;&lt;span style="color: #C30000;"&gt;&lt;span class="polarion-no-style-cleanup" title="Failed"&gt;&lt;span style="white-space:nowrap;"&gt;&lt;img src="/polarion/icons/default/enums/testrun_status_failed.png" style="vertical-align:text-bottom;border:0px;margin-right:2px;" class="polarion-no-style-cleanup"/&gt;&lt;/span&gt;Failed&lt;/span&gt;&lt;/span&gt;&lt;/span&gt;&lt;/td&gt;&lt;/tr&gt;&lt;/table&gt;</field>
    <field id="initialEstimate">1/2d</field>
    <field id="linkedWorkItems">
        <list>
            <struct>
                <item id="role">triggered_by</item>
                <item id="suspect">false</item>
                <item id="workItem">DP-292</item>
            </struct>
        </list>
    </field>
    <field id="priority">50.0</field>
    <field id="remainingEstimate">1/2d</field>
    <field id="severity">normal</field>
    <field id="status">open</field>
    <field id="title">Failed: Check Application requires authentication code</field>
    <field id="type">issue</field>
</work-item>
