<?xml version="1.0" encoding="UTF-8" standalone="no"?>
<work-item>
    <field id="type">task</field>
    <field id="author">admin</field>
    <field id="title">Some Project Management Plan Task</field>
    <field id="created">2008-09-30 10:14:06.321 +0200</field>
    <field id="priority">25.0</field>
    <field id="description" text-type="text/html">&lt;span style="font-weight: bold;"&gt;Description&lt;/span&gt;&lt;br/&gt; description of the task&lt;br/&gt;&lt;br/&gt; &lt;span style="font-weight: bold;"&gt;Deliverables and Milestones&lt;/span&gt;&lt;br/&gt;description of  deliverables and milestones&lt;br/&gt;&lt;br/&gt; &lt;span style="font-weight: bold;"&gt;Resources Needed&lt;/span&gt;&lt;br/&gt;&lt;br/&gt;&lt;br/&gt; &lt;span style="font-weight: bold;"&gt;Dependencies and Constraints&lt;/span&gt;&lt;br/&gt;link the dependencies as Work Item links&lt;br/&gt;&lt;br/&gt; &lt;span style="font-weight: bold;"&gt;Risks and Contingencies&lt;/span&gt;&lt;br/&gt; fill the field risk</field>
    <field id="status">open</field>
    <field id="severity">normal</field>
</work-item>
