<?xml version="1.0" encoding="UTF-8" standalone="no"?>
<schedule-chart end="2013-06-07 00:00" start="2013-05-24 00:00">
    <resources>
        <resource id="user-real-sDeveloper" label="Steve Developer" url="sDeveloper"/>
        <resource id="user-real-pGUI" label="Philip GUI" url="pGUI"/>
        <resource id="project-drivepilot" label="Drive Pilot" notAssigned="true" url="drivepilot"/>
        <resource id="project-scrum" label="Scrum" notAssigned="true" url="scrum"/>
    </resources>
    <projects>
        <project id="drivepilot" label="Drive Pilot"/>
        <project id="elibrary" label="E-Library"/>
        <project id="scrum" label="Scrum"/>
        <project id="library" label="Document Library"/>
    </projects>
    <time-points>
        <time-point date="2012-12-07 00:00" id="drivepilot-timepoint-iter1" label="Iteration 1"/>
        <time-point date="2012-12-21 00:00" id="elibrary-timepoint-Sprint33" label="Sprint 33"/>
        <time-point date="2013-01-11 00:00" id="elibrary-timepoint-Sprint34" label="Sprint 34"/>
        <time-point date="2012-12-21 00:00" id="drivepilot-timepoint-iter2" label="Iteration 2"/>
        <time-point date="2013-06-30 00:00" id="elibrary-timepoint-version1.0" label="Version 1.0"/>
        <time-point date="2012-06-01 00:00" id="scrum-timepoint-version1.1" label="Version 1.1"/>
        <time-point date="2013-01-12 00:00" id="drivepilot-timepoint-iter3" label="Iteration 3"/>
        <time-point date="2012-01-01 00:00" id="scrum-timepoint-version1.0" label="Version 1.0"/>
        <time-point date="2012-12-21 00:00" id="drivepilot-timepoint-version1" label="Version 1.0"/>
        <time-point date="2010-12-21 00:00" id="elibrary-timepoint-version0.9" label="Version 0.9"/>
        <time-point date="2012-04-02 00:00" id="scrum-timepoint-Sprint2" label="Sprint 2"/>
        <time-point date="2012-03-19 00:00" id="scrum-timepoint-Sprint1" label="Sprint 1"/>
        <time-point date="2013-06-30 00:00" id="drivepilot-timepoint-version2" label="Version 2.0"/>
    </time-points>
    <work-items>
        <work-item author="System Administrator" color="#F20D00" due="2013-01-12 00:00" end="2013-05-25 00:00" id="DP-393" label="iPad User Interface application auth code" priority="50.0" priorityLabel="Medium" project="drivepilot" remainingEstimate="default (1d)" resource="project-drivepilot" severity="Should Have" start="2013-05-24 00:00" status="Open" time-point="drivepilot-timepoint-iter3" type="Work Package" url="drivepilot-DP-393"/>
        <_work-item author="System Administrator" color="#FF0000" due="2012-03-19 00:00" end="2013-05-25 00:00" id="NS-1" label="3.1-1 As a &lt;role&gt;, I want &lt;goal/desire&gt; so that &lt;benefit&gt;" priority="50.0" priorityLabel="Medium" project="scrum" remainingEstimate="1d" resource="project-scrum" severity="Must Have" start="2013-05-24 00:00" status="Accepted" time-point="scrum-timepoint-Sprint1" type="User Story" url="scrum-NS-1"/>
        <work-item author="System Administrator" color="#F80000" due="2012-03-19 00:00" end="2013-05-25 00:00" id="NS-4" label="Implement: User Story 1" priority="50.0" priorityLabel="Medium" project="scrum" remainingEstimate="1d" resource="project-scrum" severity="Normal" start="2013-05-24 00:00" status="Open" time-point="scrum-timepoint-Sprint1" type="Task" url="scrum-NS-4"/>
        <work-item author="System Administrator" color="#F20D00" due="2013-01-11 00:00" end="2013-05-27 13:00" id="EL-16" label="Failed: com.polarion.demo.LoginTest.testLogin" priority="50.0" priorityLabel="Medium" project="elibrary" remainingEstimate="default (1d)" resource="user-real-sDeveloper" severity="Critical" start="2013-05-24 00:00" status="Open" time-point="elibrary-timepoint-Sprint34" type="Defect" url="elibrary-EL-16"/>
        <_work-item author="System Administrator" color="#E51A00" due="2013-01-11 00:00" end="2013-05-27 15:00" id="EL-139" label="3.1-6 Maintain the list of favorite books" priority="50.0" priorityLabel="Medium" project="elibrary" remainingEstimate="2d" resource="user-real-sDeveloper" severity="Nice to Have" start="2013-05-24 00:00" status="In Progress" time-point="elibrary-timepoint-Sprint34" timeSpent="5d" type="User Story" url="elibrary-EL-139"/>
        <_work-item author="System Administrator" color="#E51A00" due="2013-01-11 00:00" end="2013-05-27 15:00" id="EL-139" label="3.1-6 Maintain the list of favorite books" priority="50.0" priorityLabel="Medium" project="elibrary" remainingEstimate="2d" resource="user-real-pGUI" severity="Nice to Have" start="2013-05-24 00:00" status="In Progress" time-point="elibrary-timepoint-Sprint34" timeSpent="5d" type="User Story" url="elibrary-EL-139"/>
        <work-item author="Robert Project" color="#D72800" due="2013-01-11 00:00" end="2013-05-27 15:00" id="EL-91" label="Administration section to manage user defined shortcuts" priority="50.0" priorityLabel="Medium" project="elibrary" remainingEstimate="2d" resource="user-real-pGUI" severity="Normal" start="2013-05-24 00:00" status="In Progress" time-point="elibrary-timepoint-Sprint34" type="Task" url="elibrary-EL-91"/>
        <_work-item author="System Administrator" color="#F20D00" due="2013-01-12 00:00" end="2013-05-27 15:00" id="DP-454" label="Drive Pilot warnings on special conditions" priority="50.0" priorityLabel="Medium" project="drivepilot" remainingEstimate="7d" resource="project-drivepilot" severity="Should Have" start="2013-05-24 16:00" status="Reopened" time-point="drivepilot-timepoint-iter3" timeSpent="7d 5h" type="Work Package" url="drivepilot-DP-454"/>
        <work-item author="System Administrator" color="#E51A00" due="2013-01-12 00:00" end="2013-05-27 15:00" id="DP-475" label="Failed: DrivePilot will disengage when User shouts &quot;Stop&quot;" priority="50.0" priorityLabel="Medium" project="drivepilot" remainingEstimate="default (1d)" resource="project-drivepilot" severity="Normal" start="2013-05-24 16:00" status="Reopened" time-point="drivepilot-timepoint-iter3" type="Issue" url="drivepilot-DP-475"/>
        <_work-item author="System Administrator" color="#E51A00" due="2013-01-11 00:00" end="2013-05-27 17:00" id="EL-132" label="3.4-5 Advanced searching should provide an easy way to construct complex search querie..." priority="50.0" priorityLabel="Medium" project="elibrary" remainingEstimate="1d 1h" resource="user-real-sDeveloper" severity="Nice to Have" start="2013-05-27 13:00" status="Change Implemenation" time-point="elibrary-timepoint-Sprint34" timeSpent="1d 1h" type="User Story" url="elibrary-EL-132"/>
        <_work-item author="System Administrator" color="#E51A00" due="2013-01-11 00:00" end="2013-05-27 17:00" id="EL-132" label="3.4-5 Advanced searching should provide an easy way to construct complex search querie..." priority="50.0" priorityLabel="Medium" project="elibrary" remainingEstimate="1d 1h" resource="user-real-pGUI" severity="Nice to Have" start="2013-05-27 13:00" status="Change Implemenation" time-point="elibrary-timepoint-Sprint34" timeSpent="1d 1h" type="User Story" url="elibrary-EL-132"/>
        <work-item author="System Administrator" color="#F20D00" due="2013-01-11 00:00" end="2013-05-27 17:00" id="EL-58" label="Implement advanced search panel" priority="50.0" priorityLabel="Medium" project="elibrary" remainingEstimate="4h" resource="user-real-sDeveloper" severity="Critical" start="2013-05-27 13:00" status="Reopened" time-point="elibrary-timepoint-Sprint34" timeSpent="4h" type="Task" url="elibrary-EL-58"/>
        <work-item author="System Administrator" color="#D72800" due="2013-01-11 00:00" end="2013-05-28 10:00" id="EL-80" label="Comment threads on the Book properties dialog are sorted wrong" priority="50.0" priorityLabel="Medium" project="elibrary" remainingEstimate="3h" resource="user-real-pGUI" severity="Normal" start="2013-05-27 15:00" status="Open" time-point="elibrary-timepoint-Sprint34" type="Defect" url="elibrary-EL-80"/>
        <_work-item author="System Administrator" color="#E51A00" due="2013-01-11 00:00" end="2013-06-04 00:00" id="EL-131" label="3.2-5 EBook -  supported readers" priority="50.0" priorityLabel="Medium" project="elibrary" remainingEstimate="1d 4h" resource="project-elibrary" severity="Nice to Have" start="2013-05-27 15:00" status="Accepted" time-point="elibrary-timepoint-Sprint34" type="User Story" url="elibrary-EL-131"/>
        <work-item author="System Administrator" color="#D72800" due="2013-01-11 00:00" end="2013-05-28 11:00" id="EL-49" label="Configure the DB to have full text search capabilities" priority="50.0" priorityLabel="Medium" project="elibrary" remainingEstimate="2h" resource="user-real-sDeveloper" severity="Normal" start="2013-05-28 00:00" status="Open" time-point="elibrary-timepoint-Sprint34" type="Task" url="elibrary-EL-49"/>
        <_work-item author="System Administrator" color="#E51A00" due="2013-01-11 00:00" end="2013-06-04 15:00" id="EL-122" label="3.4-4 User likes to search also by any content - so full-text search is needed." priority="50.0" priorityLabel="Medium" project="elibrary" remainingEstimate="6h" resource="user-real-sDeveloper" severity="Nice to Have" start="2013-05-28 00:00" status="In Progress" time-point="elibrary-timepoint-Sprint34" type="User Story" url="elibrary-EL-122"/>
        <work-item author="System Administrator" color="#D72800" due="2013-01-11 00:00" end="2013-05-30 00:00" id="EL-52" label="Implement: Permissions to set contact info" priority="50.0" priorityLabel="Medium" project="elibrary" remainingEstimate="2d" resource="user-real-pGUI" severity="Normal" start="2013-05-28 10:00" status="Open" time-point="elibrary-timepoint-Sprint34" type="Task" url="elibrary-EL-52"/>
        <_work-item author="System Administrator" color="#E51A00" due="2013-01-11 00:00" end="2013-06-07 00:00" id="EL-136" label="3.1-3 Configure contact information" priority="50.0" priorityLabel="Medium" project="elibrary" remainingEstimate="6 1/2d" resource="user-real-sDeveloper" severity="Nice to Have" start="2013-05-28 10:00" status="In Progress" time-point="elibrary-timepoint-Sprint34" timeSpent="3d" type="User Story" url="elibrary-EL-136"/>
        <_work-item author="System Administrator" color="#E51A00" due="2013-01-11 00:00" end="2013-06-07 00:00" id="EL-136" label="3.1-3 Configure contact information" priority="50.0" priorityLabel="Medium" project="elibrary" remainingEstimate="6 1/2d" resource="user-real-pGUI" severity="Nice to Have" start="2013-05-28 10:00" status="In Progress" time-point="elibrary-timepoint-Sprint34" timeSpent="3d" type="User Story" url="elibrary-EL-136"/>
        <_work-item author="System Administrator" color="#E51A00" due="2013-01-11 00:00" end="2013-05-31 11:00" id="EL-109" label="3.4-3 Search for a book by advanced properties" priority="50.0" priorityLabel="Medium" project="elibrary" remainingEstimate="3d" resource="user-real-sDeveloper" severity="Nice to Have" start="2013-05-28 11:00" status="In Progress" time-point="elibrary-timepoint-Sprint34" timeSpent="6d" type="User Story" url="elibrary-EL-109"/>
        <work-item author="Robert Project" color="#D72800" due="2013-01-11 00:00" end="2013-05-31 11:00" id="EL-89" label="Extend the query panel to allow queries based on advanced fields" priority="50.0" priorityLabel="Medium" project="elibrary" remainingEstimate="3d" resource="user-real-sDeveloper" severity="Normal" start="2013-05-28 11:00" status="Open" time-point="elibrary-timepoint-Sprint34" type="Task" url="elibrary-EL-89"/>
        <work-item author="System Administrator" color="#D72800" due="2013-01-11 00:00" end="2013-06-03 09:30" id="EL-53" label="Implement contact area on user profile dialog" priority="50.0" priorityLabel="Medium" project="elibrary" remainingEstimate="2 1/2d" resource="user-real-pGUI" severity="Normal" start="2013-05-29 16:00" status="Open" time-point="elibrary-timepoint-Sprint34" type="Task" url="elibrary-EL-53"/>
        <work-item author="System Administrator" color="#D72800" due="2013-01-11 00:00" end="2013-06-04 00:00" id="EL-81" label="Fulltext searching in comments does not support non latin characters well" priority="50.0" priorityLabel="Medium" project="elibrary" remainingEstimate="8h" resource="user-real-sDeveloper" severity="Normal" start="2013-05-31 11:00" status="Open" time-point="elibrary-timepoint-Sprint34" type="Defect" url="elibrary-EL-81"/>
        <work-item author="System Administrator" color="#D72800" due="2013-01-11 00:00" end="2013-06-04 10:00" id="EL-48" label="Implement advanced full text search area on search dialog" priority="50.0" priorityLabel="Medium" project="elibrary" remainingEstimate="2h" resource="user-real-sDeveloper" severity="Normal" start="2013-06-03 16:00" status="Open" time-point="elibrary-timepoint-Sprint34" type="Task" url="elibrary-EL-48"/>
        <_work-item author="System Administrator" color="#E51A00" due="2013-01-11 00:00" end="2013-06-04 13:00" id="EL-137" label="3.1-4 Mark a book as favorite" priority="50.0" priorityLabel="Medium" project="elibrary" remainingEstimate="3h" resource="project-elibrary" severity="Nice to Have" start="2013-06-04 10:00" status="Accepted" time-point="elibrary-timepoint-Sprint34" type="User Story" url="elibrary-EL-137"/>
        <work-item author="Robert Project" color="#D72800" due="2013-01-11 00:00" end="2013-06-04 13:00" id="EL-90" label="Implement an action to mark a book as favorite" priority="50.0" priorityLabel="Medium" project="elibrary" remainingEstimate="3h" resource="user-real-sDeveloper" severity="Normal" start="2013-06-04 10:00" status="Open" time-point="elibrary-timepoint-Sprint34" type="Task" url="elibrary-EL-90"/>
        <work-item author="System Administrator" color="#D72800" due="2013-01-11 00:00" end="2013-06-04 15:00" id="EL-47" label="Implement API for fulltext search" priority="50.0" priorityLabel="Medium" project="elibrary" remainingEstimate="2h" resource="user-real-sDeveloper" severity="Normal" start="2013-06-04 13:00" status="In Progress" time-point="elibrary-timepoint-Sprint34" type="Task" url="elibrary-EL-47"/>
        <work-item author="System Administrator" color="#D72800" due="2013-01-11 00:00" end="2013-06-07 00:00" id="EL-51" label="Implement IContactInfoService for remote webservice access" priority="50.0" priorityLabel="Medium" project="elibrary" remainingEstimate="2d" resource="user-real-sDeveloper" severity="Normal" start="2013-06-04 15:00" status="In Progress" time-point="elibrary-timepoint-Sprint34" type="Task" url="elibrary-EL-51"/>
    </work-items>
</schedule-chart>
