<?xml version="1.0" encoding="UTF-8" standalone="no"?>
<factbase artifact="/default/${ProjectGroup}Group" id="workitems-trend-data" tag="trend">
    <structure-element id="root" provider="root" type="root">
        <value-fact-element id="RESOLVED-UNRESOLVED" provider="WorkItemsAnalysis" tag="2007-08-20" type="RESOLVED-UNRESOLVED">
            <value/>
            <properties>
                <property id="kind">
                    <value>distribution</value>
                </property>
                <property id="trendable">
                    <value>true</value>
                </property>
            </properties>
            <trend-value-fact-element id="RESOLVED-UNRESOLVED.RESOLVED" provider="WorkItemsAnalysis" tag="2007-08-20" type="RESOLVED-UNRESOLVED.ITEM">
                <trend>
                    <value tag="2013-05-11" type="java.lang.Double">20.0</value>
                    <value tag="2013-05-12" type="java.lang.Double">18.0</value>
                    <value tag="2013-05-13" type="java.lang.Double">17.0</value>
                    <value tag="2013-05-14" type="java.lang.Double">16.0</value>
                    <value tag="2013-05-15" type="java.lang.Double">18.0</value>
                    <value tag="2013-05-16" type="java.lang.Double">15.0</value>
                    <value tag="2013-05-17" type="java.lang.Double">15.0</value>
                    <value tag="2013-05-18" type="java.lang.Double">14.0</value>
                    <value tag="2013-05-19" type="java.lang.Double">21.0</value>
                    <value tag="2013-05-20" type="java.lang.Double">25.0</value>
                    <value tag="2013-05-21" type="java.lang.Double">30.0</value>
                    <value tag="2013-05-22" type="java.lang.Double">41.0</value>
                    <value tag="2013-05-23" type="java.lang.Double">52.0</value>
                    <value tag="2013-05-24" type="java.lang.Double">64.0</value>
                </trend>
                <properties>
                    <property id="label">
                        <value>Resolved</value>
                    </property>
                    <property id="query">
                        <value>*:* AND NOT resolution:######NULL</value>
                    </property>
                </properties>
            </trend-value-fact-element>
            <trend-value-fact-element id="RESOLVED-UNRESOLVED.UNRESOLVED" provider="WorkItemsAnalysis" tag="2007-08-20" type="RESOLVED-UNRESOLVED.ITEM">
                <trend>
                    <value tag="2013-05-11" type="java.lang.Double">620.0</value>
                    <value tag="2013-05-12" type="java.lang.Double">618.0</value>
                    <value tag="2013-05-13" type="java.lang.Double">617.0</value>
                    <value tag="2013-05-14" type="java.lang.Double">616.0</value>
                    <value tag="2013-05-15" type="java.lang.Double">618.0</value>
                    <value tag="2013-05-16" type="java.lang.Double">615.0</value>
                    <value tag="2013-05-17" type="java.lang.Double">615.0</value>
                    <value tag="2013-05-18" type="java.lang.Double">614.0</value>
                    <value tag="2013-05-19" type="java.lang.Double">621.0</value>
                    <value tag="2013-05-20" type="java.lang.Double">625.0</value>
                    <value tag="2013-05-21" type="java.lang.Double">630.0</value>
                    <value tag="2013-05-22" type="java.lang.Double">662.0</value>
                    <value tag="2013-05-23" type="java.lang.Double">662.0</value>
                    <value tag="2013-05-24" type="java.lang.Double">684.0</value>
                </trend>
                <properties>
                    <property id="label">
                        <value>Unresolved</value>
                    </property>
                    <property id="query">
                        <value>resolution:######NULL</value>
                    </property>
                </properties>
            </trend-value-fact-element>
        </value-fact-element>
        <value-fact-element id="UNRESOLVED-BY-PROJECT" provider="WorkItemsAnalysis" tag="2007-08-20" type="UNRESOLVED-BY-PROJECT">
            <value/>
            <properties>
                <property id="kind">
                    <value>distribution</value>
                </property>
                <property id="label">
                    <value>Unresolved by Project</value>
                </property>
                <property id="trendable">
                    <value>true</value>
                </property>
            </properties>
            <trend-value-fact-element id="UNRESOLVED-BY-PROJECT.library" provider="WorkItemsAnalysis" tag="2009-07-29" type="UNRESOLVED-BY-PROJECT.ITEM">
                <trend>
                    <value tag="2013-05-11" type="java.lang.Double">220.0</value>
                    <value tag="2013-05-12" type="java.lang.Double">218.0</value>
                    <value tag="2013-05-13" type="java.lang.Double">217.0</value>
                    <value tag="2013-05-14" type="java.lang.Double">216.0</value>
                    <value tag="2013-05-15" type="java.lang.Double">218.0</value>
                    <value tag="2013-05-16" type="java.lang.Double">215.0</value>
                    <value tag="2013-05-17" type="java.lang.Double">215.0</value>
                    <value tag="2013-05-18" type="java.lang.Double">214.0</value>
                    <value tag="2013-05-19" type="java.lang.Double">221.0</value>
                    <value tag="2013-05-20" type="java.lang.Double">225.0</value>
                    <value tag="2013-05-21" type="java.lang.Double">230.0</value>
                    <value tag="2013-05-22" type="java.lang.Double">248.0</value>
                    <value tag="2013-05-23" type="java.lang.Double">255.0</value>
                    <value tag="2013-05-24" type="java.lang.Double">271.0</value>
                </trend>
                <properties>
                    <property id="label">
                        <value>Module Library</value>
                    </property>
                    <property id="query">
                        <value>((project.id:library) AND (resolution:######NULL)) AND (resolution:######NULL)</value>
                    </property>
                </properties>
            </trend-value-fact-element>
            <trend-value-fact-element id="UNRESOLVED-BY-PROJECT.elibrary" provider="WorkItemsAnalysis" tag="2009-07-29" type="UNRESOLVED-BY-PROJECT.ITEM">
                <trend>
                    <value tag="2013-05-11" type="java.lang.Double">120.0</value>
                    <value tag="2013-05-12" type="java.lang.Double">118.0</value>
                    <value tag="2013-05-13" type="java.lang.Double">117.0</value>
                    <value tag="2013-05-14" type="java.lang.Double">116.0</value>
                    <value tag="2013-05-15" type="java.lang.Double">118.0</value>
                    <value tag="2013-05-16" type="java.lang.Double">115.0</value>
                    <value tag="2013-05-17" type="java.lang.Double">115.0</value>
                    <value tag="2013-05-18" type="java.lang.Double">114.0</value>
                    <value tag="2013-05-19" type="java.lang.Double">111.0</value>
                    <value tag="2013-05-20" type="java.lang.Double">110.0</value>
                    <value tag="2013-05-21" type="java.lang.Double">109.0</value>
                    <value tag="2013-05-22" type="java.lang.Double">108.0</value>
                    <value tag="2013-05-23" type="java.lang.Double">108.0</value>
                    <value tag="2013-05-24" type="java.lang.Double">106.0</value>
                </trend>
                <properties>
                    <property id="label">
                        <value>E-Library</value>
                    </property>
                    <property id="query">
                        <value>project.id:elibrary AND resolution:######NULL</value>
                    </property>
                </properties>
            </trend-value-fact-element>
            <trend-value-fact-element id="UNRESOLVED-BY-PROJECT.drivepilot" provider="WorkItemsAnalysis" tag="2013-05-23" type="UNRESOLVED-BY-PROJECT.ITEM">
                <trend>
                    <value tag="2013-05-11" type="java.lang.Double">360.0</value>
                    <value tag="2013-05-12" type="java.lang.Double">358.0</value>
                    <value tag="2013-05-13" type="java.lang.Double">357.0</value>
                    <value tag="2013-05-14" type="java.lang.Double">356.0</value>
                    <value tag="2013-05-15" type="java.lang.Double">358.0</value>
                    <value tag="2013-05-16" type="java.lang.Double">355.0</value>
                    <value tag="2013-05-17" type="java.lang.Double">355.0</value>
                    <value tag="2013-05-18" type="java.lang.Double">354.0</value>
                    <value tag="2013-05-19" type="java.lang.Double">351.0</value>
                    <value tag="2013-05-20" type="java.lang.Double">342.0</value>
                    <value tag="2013-05-21" type="java.lang.Double">331.0</value>
                    <value tag="2013-05-22" type="java.lang.Double">335.0</value>
                    <value tag="2013-05-23" type="java.lang.Double">328.0</value>
                    <value tag="2013-05-24" type="java.lang.Double">310.0</value>
                </trend>
                <properties>
                    <property id="label">
                        <value>Drive Pilot</value>
                    </property>
                    <property id="query">
                        <value>((project.id:drivepilot) AND NOT HAS_VALUE:resolution) AND ((NOT HAS_VALUE:resolution))</value>
                    </property>
                </properties>
            </trend-value-fact-element>
        </value-fact-element>
        <value-fact-element id="UNRESOLVED-BY-ENTITY" provider="WorkItemsAnalysis" tag="2007-08-20" type="UNRESOLVED-BY-ENTITY">
            <value/>
            <properties>
                <property id="kind">
                    <value>distribution</value>
                </property>
                <property id="label">
                    <value>Unresolved by Child Entity</value>
                </property>
                <property id="trendable">
                    <value>true</value>
                </property>
            </properties>
            <trend-value-fact-element id="UNRESOLVED-BY-ENTITY.Demo Projects" provider="WorkItemsAnalysis" tag="2007-08-20" type="UNRESOLVED-BY-ENTITY.ITEM">
                <trend>
                    <value tag="2013-05-11" type="java.lang.Double">260.0</value>
                    <value tag="2013-05-12" type="java.lang.Double">258.0</value>
                    <value tag="2013-05-13" type="java.lang.Double">257.0</value>
                    <value tag="2013-05-14" type="java.lang.Double">256.0</value>
                    <value tag="2013-05-15" type="java.lang.Double">258.0</value>
                    <value tag="2013-05-16" type="java.lang.Double">255.0</value>
                    <value tag="2013-05-17" type="java.lang.Double">261.0</value>
                    <value tag="2013-05-18" type="java.lang.Double">280.0</value>
                    <value tag="2013-05-19" type="java.lang.Double">291.0</value>
                    <value tag="2013-05-20" type="java.lang.Double">308.0</value>
                    <value tag="2013-05-21" type="java.lang.Double">319.0</value>
                    <value tag="2013-05-22" type="java.lang.Double">328.0</value>
                    <value tag="2013-05-23" type="java.lang.Double">348.0</value>
                    <value tag="2013-05-24" type="java.lang.Double">413.0</value>
                </trend>
                <properties>
                    <property id="label">
                        <value>Demo Projects</value>
                    </property>
                    <property id="query">
                        <value>project.id:elibrary AND resolution:######NULL</value>
                    </property>
                </properties>
            </trend-value-fact-element>
            <trend-value-fact-element id="UNRESOLVED-BY-ENTITY.library" provider="WorkItemsAnalysis" tag="2009-07-29" type="UNRESOLVED-BY-ENTITY.ITEM">
                <trend>
                    <value tag="2013-05-11" type="java.lang.Double">75.0</value>
                    <value tag="2013-05-12" type="java.lang.Double">90.0</value>
                    <value tag="2013-05-13" type="java.lang.Double">103.0</value>
                    <value tag="2013-05-14" type="java.lang.Double">116.0</value>
                    <value tag="2013-05-15" type="java.lang.Double">142.0</value>
                    <value tag="2013-05-16" type="java.lang.Double">151.0</value>
                    <value tag="2013-05-17" type="java.lang.Double">148.0</value>
                    <value tag="2013-05-18" type="java.lang.Double">175.0</value>
                    <value tag="2013-05-19" type="java.lang.Double">182.0</value>
                    <value tag="2013-05-20" type="java.lang.Double">197.0</value>
                    <value tag="2013-05-21" type="java.lang.Double">216.0</value>
                    <value tag="2013-05-23" type="java.lang.Double">235.0</value>
                    <value tag="2013-05-24" type="java.lang.Double">271.0</value>
                </trend>
                <properties>
                    <property id="label">
                        <value>Module Library</value>
                    </property>
                    <property id="query">
                        <value>((project.id:library) AND (resolution:######NULL)) AND (resolution:######NULL)</value>
                    </property>
                </properties>
            </trend-value-fact-element>
        </value-fact-element>
        <trend-value-fact-element id="ALL" provider="WorkItemsAnalysis" tag="2009-07-29" type="ALL">
            <trend>
                <value tag="2013-05-11" type="java.lang.Double">560.0</value>
                <value tag="2013-05-12" type="java.lang.Double">558.0</value>
                <value tag="2013-05-13" type="java.lang.Double">557.0</value>
                <value tag="2013-05-14" type="java.lang.Double">556.0</value>
                <value tag="2013-05-15" type="java.lang.Double">558.0</value>
                <value tag="2013-05-16" type="java.lang.Double">555.0</value>
                <value tag="2013-05-17" type="java.lang.Double">561.0</value>
                <value tag="2013-05-18" type="java.lang.Double">580.0</value>
                <value tag="2013-05-19" type="java.lang.Double">591.0</value>
                <value tag="2013-05-20" type="java.lang.Double">608.0</value>
                <value tag="2013-05-21" type="java.lang.Double">619.0</value>
                <value tag="2013-05-22" type="java.lang.Double">628.0</value>
                <value tag="2013-05-23" type="java.lang.Double">648.0</value>
                <value tag="2013-05-24" type="java.lang.Double">748.0</value>
            </trend>
            <properties>
                <property id="label">
                    <value>All Workitems</value>
                </property>
                <property id="query">
                    <value>ALL:ALL_VALUE</value>
                </property>
                <property id="trendable">
                    <value>true</value>
                </property>
            </properties>
        </trend-value-fact-element>
    </structure-element>
</factbase>
