<?xml version="1.0" encoding="UTF-8" standalone="no"?>
<work-item>
    <field id="type">requirement</field>
    <field id="author">admin</field>
    <field id="title"/>
    <field id="created">2011-02-22 12:35:55.976 +0100</field>
    <field id="description" text-type="text/html">Functional Requirement A of System Feature 1</field>
    <field id="priority">50.0</field>
    <field id="status">draft</field>
    <field id="severity">should_have</field>
    <field id="previousStatus">draft</field>
</work-item>
