<?xml version="1.0" encoding="UTF-8" standalone="no"?>
<work-item>
    <field id="assignee">rProject</field>
    <field id="author">admin</field>
    <field id="created">2013-01-29 15:30:57.042 +0100</field>
    <field id="initialEstimate">4d</field>
    <field id="linkedWorkItems">
        <list>
            <struct>
                <item id="role">implements</item>
                <item id="suspect">false</item>
                <item id="workItem">DP-316</item>
            </struct>
        </list>
    </field>
    <field id="previousStatus">open</field>
    <field id="priority">40.0</field>
    <field id="resolution">done</field>
    <field id="resolvedOn">2013-02-04 18:06:15.020 +0100</field>
    <field id="severity">must_have</field>
    <field id="status">verified-done</field>
    <field id="timeSpent">5d</field>
    <field id="title">Require Tutorial before first run</field>
    <field id="type">workPackage</field>
</work-item>
