<?xml version="1.0" encoding="UTF-8" standalone="no"?>
<factbase artifact="drivepilot" id="plan-check" tag="20130523_1550">
    <structure-element id="root" provider="root" type="root">
        <value-fact-element id="UnfinishedUserStories" provider="Plan" type="execution">
            <value/>
            <properties>
                <property id="totalPassedReleasesCount">
                    <value>0</value>
                </property>
                <property id="violatedReleases">
                    <value>0</value>
                </property>
                <property id="is-user-story-type-exist">
                    <value>false</value>
                </property>
            </properties>
        </value-fact-element>
        <value-fact-element id="PlanningFailedAutomaticTests" provider="Plan" type="execution">
            <value/>
            <properties>
                <property id="unplannedAutomaticFailures">
                    <value>0</value>
                </property>
                <property id="totalAutomaticFailures">
                    <value>0</value>
                </property>
                <property id="isCurrentIterationExist">
                    <value>false</value>
                </property>
                <property id="is-defect-type-exist">
                    <value>false</value>
                </property>
                <property id="is-unit-test-field-exist">
                    <value>false</value>
                </property>
            </properties>
        </value-fact-element>
        <value-fact-element id="PlanningFailedAcceptanceTests" provider="Plan" type="execution">
            <value/>
            <properties>
                <property id="unplannedAcceptanceFailures">
                    <value>0</value>
                </property>
                <property id="totalAcceptanceFailures">
                    <value>0</value>
                </property>
                <property id="isCurrentIterationExist">
                    <value>false</value>
                </property>
                <property id="isAcceptanceTestsExist">
                    <value>false</value>
                </property>
                <property id="is-defect-type-exist">
                    <value>false</value>
                </property>
                <property id="is-test-case-type-exist">
                    <value>false</value>
                </property>
                <property id="is-work-item-relation-exist">
                    <value>true</value>
                </property>
                <property id="work-item-relation-type">
                    <value>relates_to</value>
                </property>
            </properties>
        </value-fact-element>
        <value-fact-element id="CurrentIterationPlanning" provider="Plan" type="execution">
            <value/>
            <properties>
                <property id="isCurrentIterationExist">
                    <value>true</value>
                </property>
            </properties>
        </value-fact-element>
        <violation-fact-element category="" description="" id="CodingGuidelinesExistence" provider="Plan" rule="CodingGuidelinesExistence" severity="" tag="23-05-13" type="PlanViolation">
            <properties>
                <property id="author">
                    <value>Robert Project</value>
                </property>
                <property id="file coding url">
                    <value>http://localhost/repo/Demo%20Projects/drivepilot/guidelines.doc</value>
                </property>
            </properties>
        </violation-fact-element>
        <value-fact-element id="CodingGuidelinesExistence" provider="Plan" type="execution">
            <value/>
            <properties>
                <property id="isGuidelinesExist">
                    <value>false</value>
                </property>
            </properties>
        </value-fact-element>
        <value-fact-element id="SpikeSolution" provider="Plan" type="execution">
            <value/>
            <properties>
                <property id="violationCount">
                    <value>0</value>
                </property>
                <property id="totalUserStories">
                    <value>0</value>
                </property>
                <property id="is-user-story-type-exist">
                    <value>false</value>
                </property>
                <property id="is-spike-solution-type-exist">
                    <value>false</value>
                </property>
                <property id="is-risk-field-exist">
                    <value>false</value>
                </property>
                <property id="is-work-item-relation-exist">
                    <value>false</value>
                </property>
                <property id="work-item-relation-type">
                    <value>depends_on</value>
                </property>
            </properties>
        </value-fact-element>
        <value-fact-element id="ChangeIterationPlan" provider="Plan" type="execution">
            <value/>
            <properties>
                <property id="overdueCount">
                    <value>0</value>
                </property>
                <property id="totalWorkitemsCount">
                    <value>0</value>
                </property>
            </properties>
        </value-fact-element>
        <value-fact-element id="SplitReleasesToIterations" provider="Plan" type="execution">
            <value/>
            <properties>
                <property id="isCurrentReleaseExist">
                    <value>false</value>
                </property>
                <property id="iterations">
                    <value>0</value>
                </property>
            </properties>
        </value-fact-element>
        <value-fact-element id="RightIterationDuration" provider="Plan" type="execution">
            <value/>
            <properties>
                <property id="isCurrentReleaseExist">
                    <value>false</value>
                </property>
                <property id="violatedIterationCount">
                    <value>0</value>
                </property>
                <property id="totalIterationCount">
                    <value>0</value>
                </property>
            </properties>
        </value-fact-element>
        <value-fact-element id="TaskInAdvance" provider="Plan" type="execution">
            <value/>
            <properties>
                <property id="totalIterations">
                    <value>0</value>
                </property>
                <property id="advanceScheduledIterations">
                    <value>0</value>
                </property>
            </properties>
        </value-fact-element>
        <value-fact-element id="IterationPlanningOrganization" provider="Plan" type="execution">
            <value/>
            <properties>
                <property id="isCurrentIterationExist">
                    <value>false</value>
                </property>
                <property id="isUserStoryExist">
                    <value>false</value>
                </property>
                <property id="isTaskExist">
                    <value>false</value>
                </property>
                <property id="assignedUserStories">
                    <value>0</value>
                </property>
                <property id="assignedTasks">
                    <value>0</value>
                </property>
                <property id="is-user-story-type-exist">
                    <value>false</value>
                </property>
                <property id="is-task-type-exist">
                    <value>true</value>
                </property>
            </properties>
        </value-fact-element>
        <value-fact-element id="ReleasePlanExistence" provider="Plan" type="execution">
            <value/>
            <properties>
                <property id="isCurrentReleaseExist">
                    <value>false</value>
                </property>
                <property id="assignedUserStories">
                    <value>0</value>
                </property>
                <property id="minimal-user-stories-number">
                    <value>0</value>
                </property>
                <property id="isUserStoryExist">
                    <value>false</value>
                </property>
                <property id="is-user-story-type-exist">
                    <value>false</value>
                </property>
            </properties>
        </value-fact-element>
        <value-fact-element id="CorrectUserStoriesNumber" provider="Plan" type="execution">
            <value/>
            <properties>
                <property id="isCurrentReleasePlanExist">
                    <value>false</value>
                </property>
                <property id="userStoriesEstimate">
                    <value>0.0</value>
                </property>
                <property id="releaseDuration">
                    <value>0.0</value>
                </property>
                <property id="is-user-story-type-exist">
                    <value>false</value>
                </property>
            </properties>
        </value-fact-element>
        <value-fact-element id="UnfinishedWorkitems" provider="Plan" type="execution">
            <value/>
            <properties>
                <property id="violatedIterations">
                    <value>0</value>
                </property>
                <property id="totalPassedIterationsCount">
                    <value>0</value>
                </property>
                <property id="is-work-item-type-exist">
                    <value>false</value>
                </property>
                <property id="work-item-type">
                    <value>requirement</value>
                </property>
            </properties>
        </value-fact-element>
        <value-fact-element id="KeepProjectVelocity" provider="Plan" type="execution">
            <value/>
            <properties>
                <property id="totalIterationEstimation">
                    <value>0.0</value>
                </property>
                <property id="projectVelocity">
                    <value>0.0</value>
                </property>
                <property id="is-work-item-type-exist">
                    <value>false</value>
                </property>
                <property id="work-item-type">
                    <value>defect</value>
                </property>
            </properties>
        </value-fact-element>
        <violation-fact-element category="" description="" id="CurrentReleasePlanning" provider="Plan" rule="CurrentReleasePlanning" severity="" tag="23-05-13" type="PlanViolation">
            <properties>
                <property id="author">
                    <value>Robert Project</value>
                </property>
            </properties>
        </violation-fact-element>
        <value-fact-element id="CurrentReleasePlanning" provider="Plan" type="execution">
            <value/>
            <properties>
                <property id="isCurrentReleaseExist">
                    <value>false</value>
                </property>
            </properties>
        </value-fact-element>
    </structure-element>
</factbase>
