<?xml version="1.0" encoding="UTF-8" standalone="no"?>
<work-item>
    <field id="approvals">
        <list>
            <struct>
                <item id="status">waiting</item>
                <item id="user">rProject</item>
            </struct>
        </list>
    </field>
    <field id="author">admin</field>
    <field id="created">2013-01-23 21:32:50.926 +0100</field>
    <field id="description" text-type="text/html">TAOS Design for in-dash mounting with conventional accelerator pedal applications.&lt;img src="attachment:auto_servo2.jpg"/&gt;</field>
    <field id="linkedWorkItems">
        <list>
            <struct>
                <item id="role">refines</item>
                <item id="workItem">DP-400</item>
            </struct>
        </list>
    </field>
    <field id="previousStatus">reviewed</field>
    <field id="priority">50.0</field>
    <field id="severity">should_have</field>
    <field id="status">approved</field>
    <field id="targetVersion" multi="true" type="enum:@plan[template.id:release]">
        <list>
            <item>Version_1_0</item>
        </list>
    </field>
    <field id="type">mechanicalRequirement</field>
</work-item>
