<?xml version="1.0" encoding="UTF-8" standalone="no"?>
<document-workflow-signature>
    <field id="signatureState">done</field>
    <field id="signatures">
        <list>
            <struct>
                <item id="signedBy">rProject</item>
                <item id="signedRevision">1</item>
                <item id="signerRole">Approver</item>
                <item id="verdict">signed</item>
                <item id="verdictComment">Design#Electro-Mechanical Design Specification#2</item>
                <item id="verdictTime">2015-03-24 13:49:15.483 +0100</item>
            </struct>
        </list>
    </field>
    <field id="targetStatusId">approved</field>
    <field id="transitionDataRevision">0</field>
</document-workflow-signature>
