<?xml version="1.0" encoding="utf-8" standalone="no"?>
<!-- Fields can only be shown once in the form! -->
<formLayout xmlns="http://polarion.com/schema/WorkItems/FormLayout" xmlns:xsi="http://www.w3.org/2001/XMLSchema-instance" xsi:schemaLocation="http://polarion.com/schema/WorkItems/FormLayout">

    <!-- Horizontal layout element, adds components on horizontal row. Each component is in a new column. -->
    <horizontal>
        <!-- Vertical layout element adds components into one vertical column. Each component is in a new row. -->
        <vertical>
            <section>
                <field id="type"/>
                <field id="project"/>
                <field id="author"/>
                <field id="categories"/>
            </section>
        </vertical>
        <vertical>
            <section>                
                <field id="severity"/>
                <field id="initialEstimate"/>
                <field id="assignee"/>
                <field id="status"/>
                <field id="resolution"/>
            </section>
        </vertical>
    </horizontal>

    <field id="description"/>

    <field id="testSteps"/>

    <extension id="execute-test" label="Execute Test"/>

    <extension counts="1,5,10" id="test-records" label="Test Records"/>

    <!-- Description of panel is mandatory. -->
    <panel description="Custom Fields">
        <field id="@allCustomFields,-testSteps"/>
    </panel>

    <!-- Complex fields should not be used in section or panel elements - there is no space for them. -->
    <field id="linkedWorkItems"/>
    <field id="comments"/>
    <field id="approvals"/>
    <field id="hyperlinks"/>
    <field id="attachments"/>
    <field id="watches"/>
</formLayout>
