<?xml version="1.0" encoding="utf-8" standalone="no"?>
<!-- Fields can only be shown once in the form! -->
<formLayout xmlns="http://polarion.com/schema/WorkItems/FormLayout" xmlns:xsi="http://www.w3.org/2001/XMLSchema-instance" xsi:schemaLocation="http://polarion.com/schema/WorkItems/FormLayout">

    <!-- Horizontal layout element, adds components on horizontal row. Each component is in a new column. -->
    <horizontal>
        <!-- Vertical layout element adds components into one vertical column. Each component is in a new row. -->
        <vertical>
            <section>
                <field id="type"/>
                <field id="author"/>
                <field id="project"/>
                <field id="categories"/>
            </section>
        </vertical>
        <vertical>
            <section>
                <field id="status"/>
                <field id="resolution"/>
            </section>
            <section>
                <field id="rpn"/>
            </section>
        </vertical>
    </horizontal>

    <panel description="Effects of Failure and their Severity Rating">
        <field id="description"/>
        <field id="severityRating"/>
    </panel>

    <panel description="Cause(s) and their Occurence Rating">
        <field id="causes"/>
        <field id="occurrenceRating"/>
    </panel>

    <panel description="Controls and their Detection Rating">
        <field id="controls"/>
        <field id="detectionRating"/>
    </panel>

    <panel description="Next Actions">
        <field id="recommendedActions"/>
   </panel>
    
    <panel description="Taken Actions"> 
        <field id="takenActions"/>
        <field id="severityRatingNew"/>
        <field id="occurrenceRatingNew"/>
        <field id="detectionRatingNew"/>
        <field id="rpnNew"/>
 </panel>
  
    <!-- Description of panel is mandatory. -->
    <!--panel description="Custom Fields">
        <field id="@allCustomFields"/>
    </panel-->

    <!-- Complex fields should not be used in section or panel elements - there is no space for them. -->
    <field id="comments"/>
    <field id="linkedWorkItems"/>
    <field id="hyperlinks"/>
    <field id="attachments"/>
    <field id="watches"/>
</formLayout>
