<?xml version="1.0" encoding="UTF-8" standalone="no"?>
<work-item>
    <field id="initialEstimate">2d</field>
    <field id="linkedWorkItems">
        <list>
            <struct>
                <item id="workItem">DP-465</item>
                <item id="suspect">false</item>
                <item id="role">implements</item>
            </struct>
        </list>
    </field>
    <field id="resolution">done</field>
    <field id="type">task</field>
    <field id="timeSpent">3d</field>
    <field id="resolvedOn">2013-02-04 18:06:58.435 +0100</field>
    <field id="author">admin</field>
    <field id="title">Test: Operation check - DrivePilot shall operate with input power of 12 Volts, not to exceed 15 Amps.</field>
    <field id="created">2013-02-04 18:01:22.242 +0100</field>
    <field id="priority">50.0</field>
    <field id="status">verified-done</field>
    <field id="assignee">sDeveloper</field>
    <field id="severity">normal</field>
    <field id="previousStatus">open</field>
</work-item>
