<?xml version="1.0" encoding="UTF-8" standalone="no"?>
<module-comment>
    <field id="author">cUser</field>
    <field id="created">2015-03-26 13:42:57.874 +0100</field>
    <field id="resolved">true</field>
    <field id="signatureData">
        <struct>
            <item id="targetStatusId">reviewed</item>
            <item id="verdict">signed</item>
            <item id="workflowActionId">markReviewed</item>
            <item id="workflowSignature">subterra:data-service:objects:/default/drivepilot${DocumentWorkflowSignature}{Module}{moduleFolder}Design#Electro-Mechanical Design Specification#1</item>
        </struct>
    </field>
    <field id="tags">
        <list>
            <item>signatures</item>
        </list>
    </field>
    <field id="text" text-type="text/plain">Reviewed</field>
</module-comment>
