<?xml version="1.0" encoding="UTF-8" standalone="no"?>
<module>
    <field id="author">admin</field>
    <field id="created">2013-01-09 22:56:36.895 +0100</field>
    <field id="homePageContent" text-type="text/html"><![CDATA[<h1 id="polarion_wiki macro name=module-workitem;params=id=DP-130"></h1><div id="polarion_wiki macro name=toc"></div><div id="polarion_editor_html_block1" class="polarion-dle-wiki-block">
  <div id="polarion_editor_html_block_content" contentEditable="false"></div><pre id="polarion_editor_html_block_source" class="polarion-dle-wiki-block-source" contentEditable="false">#documentPanel(true &quot;approved&quot;)</pre>
</div><h2 id="polarion_wiki macro name=module-workitem;params=id=DP-131"></h2><h3 id="polarion_wiki macro name=module-workitem;params=id=DP-132"></h3><p id="polarion_new_2">
  This document describes the HW design of DrivePilot system. Components described in this document have been identified as needed to implement requirements from <span class="polarion-rte-link" data-type="document" id="fake" data-item-name="System Requirements" data-space-name="Requirements" data-option-id="default"></span> specification. Together, these documents provide the design specification needed to implement the system.
</p><h3 id="polarion_wiki macro name=module-workitem;params=id=DP-133"></h3><p id="polarion_new_3">
  <span style="font-style: italic;">TO DO: Provide a short description of the software being specified.<br/>
    </span>
</p><h3 id="polarion_wiki macro name=module-workitem;params=id=DP-134"></h3><p id="polarion_new_4">
  <span style="font-style: italic;">TO DO: List any other documents or Web addresses to which this SDS refers. Provide enough information so that the reader could access a copy of each reference, including title, author, version number, date, and source or location.</span>
</p><h2 id="polarion_wiki macro name=module-workitem;params=id=DP-144"></h2><p id="polarion_new_16">In this section, we take a closer look at what each component does in a more systematic way.</p><h3 id="polarion_wiki macro name=module-workitem;params=id=DP-340"></h3><div id="polarion_wiki macro name=module-workitem;params=id=DP-346|layout=1"></div><div id="polarion_wiki macro name=module-workitem;params=id=DP-330|layout=1"></div><div id="polarion_wiki macro name=module-workitem;params=id=DP-331|layout=1"></div><h3 id="polarion_wiki macro name=module-workitem;params=id=DP-366"></h3><div id="polarion_wiki macro name=module-workitem;params=id=DP-367|layout=1"></div><h3 id="polarion_wiki macro name=module-workitem;params=id=DP-356"></h3><div id="polarion_wiki macro name=module-workitem;params=id=DP-358|layout=1"></div><h3 id="polarion_wiki macro name=module-workitem;params=id=DP-354"></h3><div id="polarion_wiki macro name=module-workitem;params=id=DP-355"></div><h3 id="polarion_wiki macro name=module-workitem;params=id=DP-435"></h3><div id="polarion_wiki macro name=module-workitem;params=id=DP-438"></div><h3 id="polarion_wiki macro name=module-workitem;params=id=DP-436"></h3><div id="polarion_wiki macro name=module-workitem;params=id=DP-439"></div><h3 id="polarion_wiki macro name=module-workitem;params=id=DP-437"></h3><div id="polarion_wiki macro name=module-workitem;params=id=DP-440"></div><h2 id="polarion_wiki macro name=module-workitem;params=id=DP-359"></h2><p id="polarion_2">
  B<span style="font-size: 10pt;line-height: 1.5;">rowse the Requirements refined by design items using </span><span style="font-weight: bold;"><span class="polarion-rte-link" data-type="polarion" id="fake" data-custom-label="Requirements - Design Traceability Tree" data-url="/wiki/Requirements/System Requirements/?link_role=parent,refines&amp;tree_depth=5&amp;tab=tree"></span></span>
</p><p id="polarion_1"></p>]]></field>
    <field id="renderingLayouts">
        <list>
            <struct>
                <item id="label">Mechanical Requirement</item>
                <item id="layouter">paragraph</item>
                <item id="properties">
                    <list>
                        <struct>
                            <item id="key">fieldsAtStart</item>
                            <item id="value">id</item>
                        </struct>
                        <struct>
                            <item id="key">fieldsAtEnd</item>
                            <item id="value">status as image,targetVersion</item>
                        </struct>
                        <struct>
                            <item id="key">fieldsAtEndAsTable</item>
                        </struct>
                        <struct>
                            <item id="key">hidden</item>
                        </struct>
                    </list>
                </item>
                <item id="type">mechanicalRequirement</item>
            </struct>
            <struct>
                <item id="label">Electrical Requirement</item>
                <item id="layouter">paragraph</item>
                <item id="properties">
                    <list>
                        <struct>
                            <item id="key">fieldsAtStart</item>
                            <item id="value">id</item>
                        </struct>
                        <struct>
                            <item id="key">fieldsAtEnd</item>
                            <item id="value">status as image,targetVersion</item>
                        </struct>
                        <struct>
                            <item id="key">fieldsAtEndAsTable</item>
                        </struct>
                        <struct>
                            <item id="key">hidden</item>
                        </struct>
                    </list>
                </item>
                <item id="type">electricalRequirement</item>
            </struct>
        </list>
    </field>
    <field id="status">approved</field>
    <field id="structureLinkRole">parent</field>
    <field id="type">req_specification</field>
    <field id="usesOutlineNumbering">true</field>
    <field id="version" type="string">1.0</field>
</module>
