<?xml version="1.0" encoding="UTF-8" standalone="no"?>
<work-item>
    <field id="type">unitTestCase</field>
    <field id="author">admin</field>
    <field id="title">com.polarion.demo.LibraryTest.testLibrarySize</field>
    <field id="created">2013-05-24 17:25:26.970 +0200</field>
    <field id="priority">50.0</field>
    <field id="status">draft</field>
    <field id="severity">basic</field>
    <field id="testCaseID" type="string">com.polarion.demo.LibraryTest.testLibrarySize</field>
</work-item>
