<?xml version="1.0" encoding="UTF-8" standalone="no"?>
<workflow initial-status="draft">
    <transitions>
        <transition action="deactivate" from="active" to="inactive"/>
        <transition action="deactivate" from="draft" to="inactive"/>
        <transition action="activate" from="inactive" to="active"/>
        <transition action="activate" from="draft" to="active"/>
    </transitions>
    <actions>
        <action id="activate" name="Activate">
            <cleared>
                <field name="resolution"/>
            </cleared>
        </action>
        <action id="deactivate" name="Deactivate">
            <required>
                <field name="resolution"/>
            </required>
        </action>
    </actions>
</workflow>
