<?xml version="1.0" encoding="UTF-8" standalone="no"?>
<work-item>
    <field id="type">requirement</field>
    <field id="author">admin</field>
    <field id="title">Vision Statement</field>
    <field id="created">2008-10-02 21:26:45.176 +0200</field>
    <field id="description" text-type="text/html">&lt;span class="Apple-style-span" style="font-style: italic;"&gt;Write a concise vision statement that summarizes the purpose and intent of the new product and describes what the world will be like when it includes the product. The vision statement should reflect a balanced view that will satisfy the needs of diverse customers as well as those of the developing organization. It may be somewhat idealistic, but it should be grounded in the realities of existing or anticipated customer markets, enterprise architectures, organizational strategic directions, and cost and resource limitations.&lt;/span&gt;</field>
    <field id="priority">25.0</field>
    <field id="status">draft</field>
    <field id="severity">should_have</field>
    <field id="previousStatus">open</field>
</work-item>
