<?xml version="1.0" encoding="UTF-8" standalone="no"?>
<work-item>
    <field id="type">requirement</field>
    <field id="author">admin</field>
    <field id="title">Use Case Y</field>
    <field id="created">2008-10-01 12:02:49.239 +0200</field>
    <field id="description" text-type="text/html">&lt;span style="font-style: italic;"&gt;When use cases are used as the means of specifying the functional requirements, create an item for for each use case. Each item should be labeled and titled  appropriately for a specific use case. Within each use case subsection, specify the use case information, including the actor, pre-conditions, post-conditions, scenarios, and alternate scenarios.&lt;/span&gt;</field>
    <field id="priority">25.0</field>
    <field id="status">draft</field>
    <field id="severity">should_have</field>
    <field id="previousStatus">open</field>
</work-item>
