<?xml version="1.0" encoding="UTF-8" standalone="no"?>
<work-item>
    <field id="type">requirement</field>
    <field id="author">admin</field>
    <field id="title">Functional Requirement A of System Feature 1</field>
    <field id="created">2008-10-01 00:06:56.960 +0200</field>
    <field id="priority">25.0</field>
    <field id="description" text-type="text/html">some description</field>
    <field id="status">draft</field>
    <field id="severity">should_have</field>
    <field id="previousStatus">open</field>
</work-item>
