<?xml version="1.0" encoding="UTF-8" standalone="no"?>
<chart alternateHGridAlpha="20" append.artifact.label="true" connectNullData="1" divLineAlpha="30" drawAnchors="1" labelDisplay="rotate" lineThickness="2" numVDivLines="10" pallete="4" setAdaptiveYMin="1" showValues="0" slantLabels="1" yAxisMinValue="0" yAxisName="Test Coverage">
    <categories>
        <category name="2013-05-11"/>
        <category name="2013-05-12"/>
        <category name="2013-05-13"/>
        <category name="2013-05-14"/>
        <category name="2013-05-15"/>
        <category name="2013-05-16"/>
        <category name="2013-05-17"/>
        <category name="2013-05-18"/>
        <category name="2013-05-19"/>
        <category name="2013-05-20"/>
        <category name="2013-05-21"/>
        <category name="2013-05-22"/>
        <category name="2013-05-23"/>
        <category name="2013-05-24"/>
    </categories>
    <dataset color="000000" seriesname="Unit Test Coverage (Document Library)">
        <set value="null"/>
        <set value="null"/>
        <set value="null"/>
        <set value="null"/>
        <set value="null"/>
        <set value="null"/>
        <set value="null"/>
        <set value="null"/>
        <set value="null"/>
        <set value="null"/>
        <set value="null"/>
        <set value="null"/>
        <set value="null"/>
        <set value="NaN"/>
    </dataset>
    <dataset color="00AE000" seriesname="Unit Test Coverage (Demo Projects)">
        <set value="35.0"/>
        <set value="39.0"/>
        <set value="39.0"/>
        <set value="40.0"/>
        <set value="40.0"/>
        <set value="41.0"/>
        <set value="43.0"/>
        <set value="46.0"/>
        <set value="45.0"/>
        <set value="48.0"/>
        <set value="52.0"/>
        <set value="53.0"/>
        <set value="55.0"/>
        <set value="NaN"/>
    </dataset>
    <styles>
        <definition>
            <style duration="0.5" name="XScaleAnim" param="_xScale" start="0" type="ANIMATION"/>
            <style duration="0.5" name="YScaleAnim" param="_yscale" start="0" type="ANIMATION"/>
            <style duration="0.5" name="XAnim" param="_yscale" start="0" type="ANIMATION"/>
            <style duration="0.5" name="AlphaAnim" param="_alpha" start="0" type="ANIMATION"/>
        </definition>
        <application>
            <apply styles="XScaleAnim, YScaleAnim,AlphaAnim" toObject="CANVAS"/>
            <apply styles="XScaleAnim,AlphaAnim" toObject="DIVLINES"/>
            <apply styles="YScaleAnim,AlphaAnim" toObject="VDIVLINES"/>
            <apply styles="YScaleAnim,AlphaAnim" toObject="HGRID"/>
        </application>
    </styles>
</chart>
