<?xml version="1.0" encoding="UTF-8" standalone="no"?>
<work-item>
    <field id="assignee">rProject</field>
    <field id="author">admin</field>
    <field id="created">2013-01-23 18:53:18.585 +0100</field>
    <field id="initialEstimate">13 1/2d</field>
    <field id="linkedWorkItems">
        <list>
            <struct>
                <item id="role">implements</item>
                <item id="suspect">false</item>
                <item id="workItem">DP-393</item>
            </struct>
        </list>
    </field>
    <field id="previousStatus">open</field>
    <field id="priority">50.0</field>
    <field id="remainingEstimate">13 1/2d</field>
    <field id="severity">normal</field>
    <field id="status">inprogress</field>
    <field id="title">Implement: iPad User Interface application auth code</field>
    <field id="type">task</field>
</work-item>
